ts_utc,action,symbol,verdict,reason,qty,price,usd,cash_after,equity_after,thesis
2026-07-20T22:06:47Z,buy,BTC-USD,approved,ok,0.001075,65141.36,70.00,430.00,500.00,BTC +2.12% leading the only open market with equities closed — ride the momentum with a 14% starter.
2026-07-20T22:06:47Z,buy,ETH-USD,approved,ok,0.026325,1899.31,50.00,380.00,500.00,ETH +1.94% confirming crypto-wide bid; smaller 10% entry for a second momentum leg.
2026-07-20T22:07:40Z,hold,none,approved,hold,,,,380.00,500.03,"Both crypto entries opened last cycle are flat (+0.04% BTC, 0.00% ETH) with the +2% daily uptrend intact and no new breakout or breakdown signal — riding existing momentum positions, no edge in adding or cutting yet."
2026-07-20T22:10:00Z,buy,BTC-USD,approved,ok,0.000614,65174.44,40.00,340.00,500.04,BTC +2.17% remains the strongest tape with equities closed and our entry holding above cost — add a small increment to press the leader while staying under the 25% cap.
2026-07-20T22:20:00Z,buy,ETH-USD,approved,ok,0.021079,1897.66,40.00,300.00,499.96,"ETH still +1.85% on the day with crypto the only open tape; scaling the second momentum leg to ~$90 while staying under the 25% cap, with BTC already near its position limit."
2026-07-20T22:30:00Z,hold,none,approved,hold,,,,300.00,499.88,"BTC is already near the 25% position cap and both crypto entries have gone sideways for four straight cycles, so I'm holding the existing momentum exposure and keeping cash ready to cut or add on the next range break rather than averaging into a stalled tape."
2026-07-20T22:40:00Z,sell,ETH-USD,approved,ok,-0.047404,1894.49,89.81,389.81,499.70,"ETH momentum is fading (+1.85% down to +1.68%) and the position has gone sideways-to-red over four cycles — cutting the laggard to free cash while keeping BTC, the stronger tape, on."
2026-07-20T22:40:00Z,hold,BTC-USD,approved,hold,,,,389.81,499.70,BTC remains the day leader at +2.04% and near the position cap; holding the existing size for a range break rather than adding into a fade.
2026-07-20T22:50:00Z,hold,none,approved,hold,,,,389.81,499.73,"BTC sits near the 25% cap with momentum easing (+2.17% to +2.07%) and ETH is unchanged from where we exited it on fading momentum one cycle ago, so re-entering the same price with a weaker tape is churn, not edge."
2026-07-20T23:00:00Z,hold,none,approved,hold,,,,389.81,499.73,"BTC sits near the 25% cap with momentum flat (2.07%), ETH is unchanged from our exit price ten minutes ago with no fresh signal, and equities are closed — re-entering the same sideways tape would be churn, not edge."
2026-07-20T23:10:00Z,buy,ETH-USD,approved,ok,0.026330,1899.01,50.00,339.81,499.84,"ETH momentum re-firmed from +1.68% back to +1.92% after our earlier exit at 1894.49, so re-entering small at 1899 to ride the bounce with a fast cut if it stalls again."
2026-07-20T23:20:01Z,buy,ETH-USD,approved,ok,0.023664,1901.62,45.00,294.81,499.97,"ETH momentum is re-accelerating (+1.92% to +2.06%) confirming the re-entry, so I'm scaling the position toward the cap while BTC stays parked near its 25% limit as the day leader."
2026-07-20T23:30:01Z,buy,BTC-USD,approved,ok,0.000184,65202.44,12.00,282.81,500.00,"BTC momentum re-accelerated from +2.07% to +2.22% as the clear day leader, so I'm topping the position off to just under the 25% cap."
2026-07-20T23:30:01Z,buy,ETH-USD,approved,ok,0.013141,1902.39,25.00,257.81,500.00,"ETH continues grinding higher (+2.06% to +2.10%) confirming the re-entry, adding a small tranche while staying under the position cap."
2026-07-20T23:40:00Z,hold,none,approved,hold,,,,257.81,499.81,"Both BTC (+2.16%) and ETH (+2.00%) sit at the 25% position cap with momentum only mildly easing and P/L flat, so no room to add and no reversal signal to justify cutting — equities are closed, leaving zero actionable edge this cycle."
2026-07-20T23:50:00Z,hold,none,approved,hold,,,,257.81,499.90,"BTC (+2.20%) and ETH (+2.04%) both sit at the 25% cap with momentum only ticking up marginally from last cycle, equities are closed, so I hold the two winners and let them run rather than churn."
2026-07-21T00:00:02Z,hold,none,approved,hold,,,,257.81,500.09,"BTC (+2.06%) and ETH (+3.39%, accelerating) both sit pinned at the 25% cap with theses intact and equities closed, so there is no room to add and no reason to trim winners into strengthening momentum."
2026-07-21T00:10:00Z,hold,none,approved,hold,,,,257.81,499.85,"BTC (+1.97%) and ETH (+3.27%) both cooled slightly from last cycle but remain in uptrends with positions already pinned at the 25% cap and only ~$4 of headroom, so I hold the full exposure rather than churn on a minor deceleration."
2026-07-21T00:20:00Z,hold,none,approved,hold,,,,257.81,500.45,"BTC (+2.19%) and ETH (+3.56%, re-accelerating) both sit pinned at the 25% cap with only ~$3-5 of headroom each, so I ride the winners with no room to add and no exit signal."
2026-07-21T00:40:00Z,hold,none,approved,hold,,,,257.81,500.99,"BTC (+2.35%) and ETH (+3.87%) both remain pinned at the 25% cap with uptrends intact and no reversal signal, equities are closed, so I let the winners run rather than trim into strength."
2026-07-21T00:50:00Z,hold,none,approved,hold,,,,257.81,501.26,"BTC (+2.48%) and ETH (+3.97%) both remain pinned at the 25% cap with intact uptrends and unrealized gains running; equities are closed so there is no other venue, and topping up either position is capped to a meaningless ~$3."
2026-07-21T01:00:00Z,hold,none,approved,hold,,,,257.81,501.28,"BTC (+2.54%) and ETH (+3.93%) both remain pinned at the 25% cap ($122.66 and $120.79 vs $125.32 limit) with uptrends intact, leaving under $5 of addable headroom per position and no other tradable symbols with equities closed."
2026-07-21T12:10:30Z,hold,none,approved,hold,,,,257.81,504.08,"BTC (+3.81%) and ETH (+5.02%) both remain pinned at the 25% cap (~$124 and ~$122 vs $126 max) with intact accelerating uptrends, equities are closed, and adding is capped — riding winners is the only edge available."
2026-07-21T12:20:00Z,hold,none,approved,hold,,,,257.81,504.59,"BTC (+3.92%) and ETH (+5.35%) both remain pinned at the 25% cap with uptrends intact and accelerating, equities are closed, so I let the winners run and keep dry powder for the next dip or breakout."
2026-07-21T12:30:00Z,hold,none,approved,hold,,,,257.81,504.60,"BTC (+3.95%) and ETH (+5.34%) remain pinned at the 25% cap ($124.34 and $122.43 vs $126.15 max) with uptrends intact, equities are closed so no rotation target exists, and the ~$2-4 of headroom per position is too small to deploy meaningfully — riding winners with profits at +1.94% and +2.03%."
2026-07-21T12:40:00Z,hold,none,approved,hold,,,,257.81,505.16,"BTC (+2.19%) and ETH (+2.23%) remain pinned at the 25% cap (~$125 and ~$123 vs $126.29 max) with uptrends intact, equities are closed, so no add or exit has edge this cycle."
2026-07-21T12:50:00Z,hold,none,approved,hold,,,,257.81,504.89,"BTC (+4.08%) and ETH (+5.44%) uptrends remain intact with both positions already pinned at the 25% cap (~$124.50 and ~$122.55 vs $126.22 limit), stocks are closed, so there is no deployable edge this cycle — let the winners run."
2026-07-21T13:00:00Z,hold,none,approved,hold,,,,257.81,504.92,"BTC (+4.08%) and ETH (+5.47%) uptrends remain intact with both positions pinned at the 25% cap (~$124.5 and ~$122.6 vs $126.2 limit), equities are closed, so there is no room to add and no reason to sell strength."
2026-07-21T13:10:00Z,hold,none,approved,hold,,,,257.81,504.94,"BTC (+4.12%) and ETH (+5.44%) uptrends remain intact with both positions pinned at the 25% cap and all equity symbols closed, so there is no deployable edge this cycle."
2026-07-21T13:20:00Z,hold,none,approved,hold,,,,257.81,504.70,"BTC (+4.10%) and ETH (+5.27%) uptrends remain intact with both positions pinned at the 25% cap (~$124.5 and ~$122.4 vs $126.2 limit), equities are closed, and no exit signal justifies selling into strength."
2026-07-21T13:30:00Z,buy,MSFT,approved,ok,0.163054,398.64,65.00,192.81,504.32,MSFT +3.56% showing standout relative strength against a red QQQ/SPY tape — ride the momentum leader with a 13% starter.
2026-07-21T13:30:00Z,buy,TSLA,approved,ok,0.134895,370.66,50.00,142.81,504.32,TSLA -6.44% is stretched to the downside intraday — small 10% mean-reversion snap position with a fast cut if it makes new lows.
2026-07-21T13:30:00Z,hold,BTC-USD,approved,hold,,,,142.81,504.32,BTC +3.9% uptrend intact and position already pinned at the 25% cap — let the winner run.
2026-07-21T13:30:00Z,hold,ETH-USD,approved,hold,,,,142.81,504.32,ETH +5.14% is the strongest asset on the board and capped at 25% — no reason to trim into strength yet.
2026-07-21T13:40:00Z,buy,MSFT,approved,ok,0.112484,400.06,45.00,97.81,504.71,MSFT strength is accelerating (+3.56% to +3.93%) against a red QQQ/SPY tape — press the relative-strength winner from 13% toward the 25% cap.
2026-07-21T13:40:00Z,hold,TSLA,approved,hold,,,,97.81,504.71,"Mean-reversion snap is working (+0.98% from -6.44% entry, now -5.52%) with room to run toward -4% before taking the profit."
2026-07-21T13:40:00Z,hold,BTC-USD,approved,hold,,,,97.81,504.71,"Uptrend intact at +3.87% and position pinned at the 25% cap — momentum fading slightly, exit trigger is a break below +3%."
2026-07-21T13:40:00Z,hold,ETH-USD,approved,hold,,,,97.81,504.71,Still the strongest asset on the board at +4.88% and pinned at the cap — let the winner run.
2026-07-21T13:50:00Z,buy,TSLA,approved,ok,0.119579,376.32,45.00,52.81,505.40,"Mean-reversion snap is confirming (-6.44% low to -5.01% now, position +1.53%) and TSLA is only 10% of equity — adding $45 rides the bounce with room under the 25% cap."
2026-07-21T13:50:00Z,hold,BTC-USD,approved,hold,,,,52.81,505.40,BTC re-accelerated from +3.87% to +4.24% and the position is pinned at the 25% cap — let the winner run.
2026-07-21T13:50:00Z,hold,ETH-USD,approved,hold,,,,52.81,505.40,ETH is still the strongest asset on the board at +5.05% and capped — no reason to touch it.
2026-07-21T13:50:00Z,hold,MSFT,approved,hold,,,,52.81,505.40,"Momentum cooled slightly (+3.93% to +3.72%) and the entry is flat — one more cycle of grace, but it gets cut if it goes red against this tape."
2026-07-21T14:00:00Z,buy,TSLA,approved,ok,0.079493,377.39,30.00,22.81,506.37,"Mean-reversion snap keeps confirming (-6.44% low to -4.74%, price up again since last add) so I'm pressing the winner with remaining cash while staying under the 25% cap."
2026-07-21T14:00:00Z,hold,BTC-USD,approved,hold,,,,22.81,506.37,Still accelerating (+4.24% to +4.45% cycle-over-cycle) and pinned at the position cap — nothing to do but let it run.
2026-07-21T14:00:00Z,hold,ETH-USD,approved,hold,,,,22.81,506.37,Strongest asset on the board at +5.32% and still making new session highs while capped — hold the full position.
2026-07-21T14:00:00Z,hold,MSFT,approved,hold,,,,22.81,506.37,"Momentum re-ticked up (+3.72% to +3.85%) after last cycle's cooling, so the flat entry gets one more cycle before I rotate the capital."
2026-07-21T14:10:00Z,sell,ETH-USD,approved,ok,-0.020664,1935.70,40.00,62.81,507.17,First cycle-over-cycle deceleration on ETH (+5.32% to +5.14%) after leading the board all session — scale out a third of the +1.8% winner and bank it while holding the rest for continuation.
2026-07-21T14:10:00Z,hold,BTC-USD,approved,hold,,,,62.81,507.17,Still accelerating (+4.45% to +4.52%) with no distribution signs and the position already at the 25% cap — let the winner run.
2026-07-21T14:10:00Z,hold,TSLA,approved,hold,,,,62.81,507.17,"Mean-reversion snap keeps confirming (-4.74% to -4.15%) and the position is at the 25% cap — thesis intact, nothing to add."
2026-07-21T14:10:00Z,hold,MSFT,approved,hold,,,,62.81,507.17,Momentum re-accelerated again (+3.85% to +3.98%) making session highs — hold for the breakout extension.
2026-07-21T14:20:00Z,buy,ETH-USD,approved,ok,0.020664,1935.72,40.00,22.81,507.76,"ETH's deceleration stalled and reversed (+5.14% to +5.15%) while holding as the board's strongest asset, so re-deploy the scaled-out cash into the leader with room under the position cap."
2026-07-21T14:20:00Z,hold,BTC-USD,approved,hold,,,,22.81,507.76,"Still accelerating cycle-over-cycle (+4.52% to +4.57%) with the position effectively at the 25% cap, so let the winner run."
2026-07-21T14:20:00Z,hold,TSLA,approved,hold,,,,22.81,507.76,"Mean-reversion snap is still confirming (-4.15% to -3.74%) and the position sits at the cap, so hold until recovery momentum stalls."
2026-07-21T14:20:00Z,hold,MSFT,approved,hold,,,,22.81,507.76,"Momentum flattened only marginally (+3.98% to +3.96%) near session highs — no exit signal yet, keep riding."
2026-07-21T14:30:00Z,sell,ETH-USD,approved,ok,-0.025891,1931.15,50.00,72.81,507.95,"ETH momentum rolled over cycle-to-cycle (+5.15% to +4.90%) and the 14:20 add at $1935.72 is already underwater, so I'm scaling out half the add's exposure to bank gains and rebuild dry powder."
2026-07-21T14:30:00Z,hold,BTC-USD,approved,hold,,,,72.81,507.95,"Only a marginal decel (+4.57% to +4.42%) after a long acceleration streak — trend intact and position is +2.4%, no exit signal yet."
2026-07-21T14:30:00Z,hold,TSLA,approved,hold,,,,72.81,507.95,Mean-reversion snap keeps confirming for a fourth cycle (-4.15% to -3.74% to -3.41%) and the position is +2.24% — let the bounce run.
2026-07-21T14:30:00Z,hold,MSFT,approved,hold,,,,72.81,507.95,"Momentum re-accelerated (+3.96% to +4.18%) into fresh session highs — strongest tape on the board, no reason to trim."
2026-07-21T14:40:00Z,buy,ETH-USD,approved,ok,0.025861,1933.38,50.00,22.81,507.95,ETH re-accelerated to +5.02% after the 14:30 trim at +4.90% — redeploying cash into the strongest crypto momentum while staying under the 25% cap.
2026-07-21T14:40:00Z,hold,BTC-USD,approved,hold,,,,22.81,507.95,"BTC ticked back up (+4.42% to +4.47%) after one marginal decel — uptrend intact, let it run."
2026-07-21T14:40:00Z,hold,TSLA,approved,hold,,,,22.81,507.95,"Mean-reversion snap confirms a fifth straight cycle (-3.74% to -3.42%) and position sits at the 25% cap — ride it, exit on first stall."
2026-07-21T14:40:00Z,hold,MSFT,approved,hold,,,,22.81,507.95,"Only a marginal decel (+4.18% to +4.06%) near session highs — no exit trigger yet, cut on a second consecutive fade."
2026-07-21T14:50:00Z,sell,TSLA,approved,ok,-0.078212,383.57,30.00,52.81,508.47,Mean-reversion snap has run six cycles (-4.15% to -3.18%) and the position sits at 25.2% of equity — trimming to lock the +2.5% gain and get back under the cap while the bounce matures.
2026-07-21T14:50:00Z,buy,MSFT,approved,ok,0.037442,400.62,15.00,37.81,508.47,MSFT is holding +4.08% at session highs with room under the 25% cap — redeploying freed TSLA cash into the strongest equity momentum on the board.
2026-07-21T14:50:00Z,hold,BTC-USD,approved,hold,,,,37.81,508.47,BTC re-accelerated +4.47% to +4.55% with the position near the cap — nothing to do but let the trend pay.
2026-07-21T14:50:00Z,hold,ETH-USD,approved,hold,,,,37.81,508.47,ETH is still accelerating (+5.02% to +5.09%) and already at 24% of equity — hold the strongest mover at full size.
2026-07-21T15:00:01Z,sell,TSLA,approved,ok,-0.255755,382.81,97.91,135.71,507.58,The mean-reversion snap has rolled back over (-3.18% to -3.37%) so I'm banking the +2.28% gain before it bleeds away.
2026-07-21T15:00:01Z,buy,AAPL,approved,ok,0.198692,327.14,65.00,70.71,507.58,AAPL is the strongest fresh momentum on the board at +3.90% and the TSLA exit frees a slot and cash for a 13%-of-equity entry.
2026-07-21T15:00:01Z,hold,BTC-USD,approved,hold,,,,70.71,507.58,"BTC is steady at +4.55% with the position pinned near the 25% cap — nothing to add, no exit trigger."
2026-07-21T15:00:01Z,hold,ETH-USD,approved,hold,,,,70.71,507.58,ETH decelerated slightly (+5.09% to +4.84%) but remains in a strong uptrend at 24% of equity — one soft tick is not an exit.
2026-07-21T15:00:01Z,hold,MSFT,approved,hold,,,,70.71,507.58,"MSFT cooled from +4.08% to +3.74% and sits just under my add price — flagging for exit next cycle if deceleration continues, but no trigger yet."
2026-07-21T15:10:00Z,sell,MSFT,approved,ok,-0.312980,398.88,124.84,195.55,507.17,"MSFT has faded three straight cycles (+4.08% to +3.74% to +3.63%) and turned red against my entry, so I'm cutting the broken momentum leg and rebuilding dry powder."
2026-07-21T15:10:00Z,hold,BTC-USD,approved,hold,,,,195.55,507.17,BTC is holding +4.48% and the position sits at the 25% cap with no room to add.
2026-07-21T15:10:00Z,hold,ETH-USD,approved,hold,,,,195.55,507.17,"ETH remains the strongest trend on the board at +4.78% and is pinned near the position cap, so I let the winner run."
2026-07-21T15:10:00Z,hold,AAPL,approved,hold,,,,195.55,507.17,"AAPL is only mildly decelerating (+3.90% to +3.72%) and just below entry — giving the fresh position one more cycle before judging, with the MSFT proceeds ready to add if it reaccelerates."
2026-07-21T15:20:00Z,buy,AAPL,approved,ok,0.137465,327.36,45.00,150.55,507.21,AAPL reaccelerated from +3.72% to +3.97% while holding above my entry — adding ~9% of equity to a working momentum position with room under the 25% cap.
2026-07-21T15:20:00Z,hold,BTC-USD,approved,hold,,,,150.55,507.21,"BTC steady at +4.40% and pinned at the 25% position cap — no room to add, no reason to sell."
2026-07-21T15:20:00Z,hold,ETH-USD,approved,hold,,,,150.55,507.21,ETH remains the strongest trend on the board at +4.76% and is also at the position cap — ride it.
2026-07-21T15:30:00Z,buy,MSFT,approved,ok,0.163056,398.63,65.00,85.55,507.11,"MSFT is up +3.56% while QQQ bleeds -1.54% — relative-strength momentum leader not yet in the book, opening a ~13%-of-equity 4th position."
2026-07-21T15:30:00Z,hold,BTC-USD,approved,hold,,,,85.55,507.11,"BTC easing slightly (+4.40% to +4.21%) but position sits at the 25% cap with +2.20% P/L — no room to add, no reason to cut."
2026-07-21T15:30:00Z,hold,ETH-USD,approved,hold,,,,85.55,507.11,ETH still the strongest trend on the board at +4.57% and pinned near the position cap — let the winner run.
2026-07-21T15:30:00Z,hold,AAPL,approved,hold,,,,85.55,507.11,"AAPL reaccelerated to +4.28% and is above my blended entry — only ~$16 of cap room remains, not worth the add."
2026-07-21T15:40:00Z,buy,MSFT,approved,ok,0.137545,399.87,55.00,30.55,507.48,"MSFT holding +3.88% against a -1.63% QQQ tape is the clearest relative-strength leader with the only meaningful cap room (~$62), so I'm adding $55 to press the winner."
2026-07-21T15:40:00Z,hold,BTC-USD,approved,hold,,,,30.55,507.48,"BTC steady at +4.33% with +2.31% unrealized but pinned at the 25% cap — no room to add, trend intact, no reason to sell."
2026-07-21T15:40:00Z,hold,ETH-USD,approved,hold,,,,30.55,507.48,ETH is still the strongest trend on the board at +4.72% and sits at the position cap — ride it.
2026-07-21T15:40:00Z,hold,AAPL,approved,hold,,,,30.55,507.48,"AAPL at +4.16% remains in trend above my blended entry; ~$17 of cap room is too small to bother, so hold the position."
2026-07-21T15:50:00Z,buy,AAPL,approved,ok,0.048672,328.73,16.00,14.55,507.56,AAPL is reaccelerating to +4.41% against a -1.59% QQQ tape — deploying the last ~$16 of cap room to press the strongest relative-strength name on the board.
2026-07-21T15:50:00Z,hold,BTC-USD,approved,hold,,,,14.55,507.56,"BTC steady at +4.32% with +2.30% unrealized and pinned at the 25% cap — trend intact, no room to add, no reason to cut."
2026-07-21T15:50:00Z,hold,ETH-USD,approved,hold,,,,14.55,507.56,ETH remains the strongest trend on the board at +4.75% and sits at the position cap — let the winner run.
2026-07-21T15:50:00Z,hold,MSFT,approved,hold,,,,14.55,507.56,"MSFT holding +3.71% versus a negative QQQ is exactly the relative-strength setup I entered on last cycle; flat P/L, thesis unchanged."
2026-07-21T16:00:00Z,hold,BTC-USD,approved,hold,,,,14.55,507.49,"BTC +4.30% with trend intact and position pinned at the 25% cap — no room to add, no reason to sell."
2026-07-21T16:00:00Z,hold,ETH-USD,approved,hold,,,,14.55,507.49,ETH is still the strongest tape on the board at +4.88% and sits at the position cap — let the winner run.
2026-07-21T16:00:00Z,hold,AAPL,approved,hold,,,,14.55,507.49,AAPL +4.41% against a -1.69% QQQ is textbook relative strength and the position is capped — hold full size.
2026-07-21T16:00:00Z,hold,MSFT,approved,hold,,,,14.55,507.49,"MSFT +3.52% vs a negative tape keeps the relative-strength thesis alive; flat P/L but no breakdown, exit trigger is a fade below +3% today."
2026-07-21T16:10:00Z,sell,MSFT,approved,ok,-0.300601,398.07,119.66,134.22,507.32,MSFT is the only red P/L on the book and its day gain has decayed three cycles straight (+3.71% -> +3.52% -> +3.41%) — cut the fading laggard and free cash.
2026-07-21T16:10:00Z,buy,TSLA,approved,ok,0.170592,381.02,65.00,69.22,507.32,TSLA -3.83% is the most stretched name on the board while indices are only modestly red — small 13%-of-equity mean-reversion snap with a fast cut if it makes new lows.
2026-07-21T16:10:00Z,hold,ETH-USD,approved,hold,,,,69.22,507.32,ETH +4.81% remains the strongest tape and the position sits at the 25% cap with no room to add.
2026-07-21T16:10:00Z,hold,BTC-USD,approved,hold,,,,69.22,507.32,BTC +4.20% trend intact and pinned near the position cap — let the winner run.
2026-07-21T16:10:00Z,hold,AAPL,approved,hold,,,,69.22,507.32,"AAPL +4.55% vs QQQ -1.52% is the cleanest relative-strength hold on the book, already at cap."
2026-07-21T16:20:00Z,buy,TSLA,approved,ok,0.118109,381.00,45.00,24.22,507.07,"TSLA -3.83% is still the most oversold name on a mildly red tape and the position is flat and well under cap, so I add to the mean-reversion snap while keeping ~$24 dry powder."
2026-07-21T16:20:00Z,hold,BTC-USD,approved,hold,,,,24.22,507.07,"BTC +4.12% day with +2.11% unrealized and pinned near the 25% cap — trend intact, nothing to add, too early to strip a working winner."
2026-07-21T16:20:00Z,hold,ETH-USD,approved,hold,,,,24.22,507.07,ETH +4.66% is the strongest tape on the board and already at cap — let it run.
2026-07-21T16:20:00Z,hold,AAPL,approved,hold,,,,24.22,507.07,"AAPL +4.55% vs QQQ -1.50% keeps the relative-strength thesis alive and the position is at cap, so no action."
2026-07-21T16:30:00Z,sell,BTC-USD,approved,ok,-0.000601,66506.73,40.00,64.22,506.66,Bank part of the +2.07% BTC gain while it's pinned at the 25% cap to rebuild dry powder without abandoning the trend.
2026-07-21T16:30:00Z,hold,ETH-USD,approved,hold,,,,64.22,506.66,ETH +4.46% is still the strongest tape on the board and at cap — no reason to interrupt the winner.
2026-07-21T16:30:00Z,hold,AAPL,approved,hold,,,,64.22,506.66,AAPL +4.36% vs QQQ -1.50% keeps the relative-strength thesis intact at the position cap.
2026-07-21T16:30:00Z,hold,TSLA,approved,hold,,,,64.22,506.66,"TSLA mean-reversion bounce is working (+0.10% from -3.83% entry) and the position sits near cap, so let the snap develop."
2026-07-21T16:40:00Z,sell,TSLA,approved,ok,-0.288701,381.09,110.02,174.24,506.73,Mean-reversion bounce has stalled at +0.02% after two cycles with TSLA still -3.81% on the day — cut the dead trade and free capital.
2026-07-21T16:40:00Z,buy,MSFT,approved,ok,0.275943,398.63,110.00,64.24,506.73,MSFT +3.56% against QQQ -1.45% is the strongest unowned relative-strength name on the board — rotate the freed TSLA capital into live momentum at ~22% of equity.
2026-07-21T16:40:00Z,hold,ETH-USD,approved,hold,,,,64.24,506.73,ETH +4.62% remains the strongest tape and is pinned at the 25% cap — let the winner run.
2026-07-21T16:40:00Z,hold,AAPL,approved,hold,,,,64.24,506.73,AAPL +4.23% vs SPY -0.42% keeps the relative-strength thesis intact at the position cap.
2026-07-21T16:40:00Z,hold,BTC-USD,approved,hold,,,,64.24,506.73,BTC +4.23% momentum is intact and the position was already trimmed last cycle — ride the remainder.
2026-07-21T16:50:00Z,buy,BTC-USD,approved,ok,0.000601,66503.09,40.00,24.24,506.22,"BTC +4.07% momentum is intact after the earlier trim and it is the only strong-tape position with room under the 25% cap, so redeploy idle cash back into the leader."
2026-07-21T16:50:00Z,hold,ETH-USD,approved,hold,,,,24.24,506.22,ETH +4.49% is still the strongest tape and remains pinned near the 25% cap — let the winner run.
2026-07-21T16:50:00Z,hold,AAPL,approved,hold,,,,24.24,506.22,AAPL +4.07% vs SPY -0.44% keeps the relative-strength thesis intact at the position cap.
2026-07-21T16:50:00Z,hold,MSFT,approved,hold,,,,24.24,506.22,MSFT +3.54% against QQQ -1.47% is holding its relative-strength edge one cycle after entry — no reason to cut.
2026-07-21T17:00:00Z,buy,MSFT,approved,ok,0.037629,398.62,15.00,9.24,506.64,"MSFT +3.56% vs QQQ -1.44% keeps its relative-strength edge and it's the only position with room under the 25% cap, so deploy idle cash into the laggard-sized winner."
2026-07-21T17:00:00Z,hold,BTC-USD,approved,hold,,,,9.24,506.64,"BTC +4.09% momentum is intact and the position sits at 24.6% of equity, pinned against the cap."
2026-07-21T17:00:00Z,hold,ETH-USD,approved,hold,,,,9.24,506.64,ETH +4.57% is still the strongest tape and remains pinned near the 25% cap.
2026-07-21T17:00:00Z,hold,AAPL,approved,hold,,,,9.24,506.64,AAPL +4.31% vs SPY -0.42% keeps the relative-strength thesis intact at the position cap.
2026-07-21T17:10:00Z,hold,BTC-USD,approved,hold,,,,9.24,506.68,"BTC +4.01% momentum intact and the position is pinned at the 25% cap, so there is nothing to add and no reason to cut a working trade."
2026-07-21T17:10:00Z,hold,ETH-USD,approved,hold,,,,9.24,506.68,ETH +4.66% is still the strongest tape on the board and remains at the cap with +0.31% unrealized.
2026-07-21T17:10:00Z,hold,AAPL,approved,hold,,,,9.24,506.68,AAPL +4.36% vs SPY -0.41% keeps the relative-strength thesis intact at the position cap.
2026-07-21T17:10:00Z,hold,MSFT,approved,hold,,,,9.24,506.68,"MSFT +3.52% against QQQ -1.39% holds its relative-strength edge; every unowned symbol is red or weaker than what I already hold, so rotating out would be trading strength for weakness."
2026-07-21T17:20:00Z,hold,BTC-USD,approved,hold,,,,9.24,506.18,BTC +3.93% momentum intact at the 25% cap and +1.25% on the position; no reason to cut the trend early.
2026-07-21T17:20:00Z,hold,ETH-USD,approved,hold,,,,9.24,506.18,ETH +4.44% remains the strongest tape on the board and stays pinned at the cap.
2026-07-21T17:20:00Z,hold,AAPL,approved,hold,,,,9.24,506.18,AAPL +4.19% vs SPY -0.47% keeps the relative-strength long working; hold the winner.
2026-07-21T17:20:00Z,hold,MSFT,approved,hold,,,,9.24,506.18,"MSFT +3.57% against QQQ -1.45% preserves its edge, and with $9.24 cash and all four position slots full every unowned strong name is unbuyable — rotating out of a leader into TSLA/NVDA/GOOGL weakness would fight the tape."
2026-07-21T17:30:00Z,hold,BTC-USD,approved,hold,,,,9.24,506.14,"BTC +3.94% momentum intact, position +1.26% and pinned at the 25% cap — nothing to add, no reason to cut."
2026-07-21T17:30:00Z,hold,ETH-USD,approved,hold,,,,9.24,506.14,ETH +4.51% is still the strongest tape on the board and sits at the cap; let the winner run.
2026-07-21T17:30:00Z,hold,AAPL,approved,hold,,,,9.24,506.14,AAPL +3.89% vs SPY -0.46% keeps the relative-strength long alive; flat P/L is not a sell signal while the divergence holds.
2026-07-21T17:30:00Z,hold,MSFT,approved,hold,,,,9.24,506.14,"MSFT +3.77% against QQQ -1.44% preserves the edge, and with $9.24 cash and all four slots at cap, rotating into today's losers (TSLA/NVDA) would swap strength for weakness."
2026-07-21T17:40:00Z,hold,none,approved,hold,,,,9.24,506.19,"All four slots are filled with the board's four strongest tapes (BTC +3.96%, ETH +4.58%, AAPL +3.88%, MSFT +3.74%), each pinned at the 25% cap with $9.24 cash — every alternative symbol is red or barely green, so rotating out of working momentum into weaker names would be trading down, not hunting e"
2026-07-21T17:50:00Z,hold,none,approved,hold,,,,9.24,505.56,"All four slots hold the board's four strongest tapes (BTC +3.70%, ETH +4.31%, AAPL +3.93%, MSFT +3.67%) against red indices, and every rotation candidate (AMZN +0.48%, IWM +0.53%) is materially weaker — trimming a winner to buy a laggard is negative edge, so I keep the relative-strength book intact "
2026-07-21T18:00:00Z,hold,none,approved,hold,,,,9.24,505.41,"All four slots already hold the board's four strongest tapes (ETH +4.15%, AAPL +4.07%, MSFT +3.71%, BTC +3.55%) while every other symbol is red or flat, so with $9.24 cash there is no stronger tape to rotate into and cutting a winner to sit in cash against this momentum would be the only losing move"
2026-07-21T18:10:00Z,hold,none,approved,hold,,,,9.24,505.55,"All four slots hold the board's only green tapes (ETH +4.37%, AAPL +3.95%, BTC +3.74%, MSFT +3.55%) at the 25% cap each, every rotation candidate is red, and BTC's +1.07% open gain still rides intact momentum — no edge in forced churn."
2026-07-21T18:20:00Z,hold,none,approved,hold,,,,9.24,505.38,"All four slots hold the board's only strong tapes (ETH +4.22%, AAPL +4.04%, BTC +3.63%, MSFT +3.58%) while everything else is red or flat, and with $9.24 cash there is no stronger name to rotate into — selling a leader to buy a laggard is negative edge."
2026-07-21T18:30:00Z,hold,none,approved,hold,,,,9.24,505.27,"All four slots still hold the board's only strong tapes (ETH +4.24%, AAPL +3.93%, MSFT +3.61%, BTC +3.59% vs QQQ -1.46%), momentum is intact with no position breaking down, and no unheld symbol shows better relative strength to rotate into."
2026-07-21T18:40:00Z,sell,BTC-USD,approved,ok,-0.000755,66225.41,50.00,59.24,505.37,"Scaling out ~40% of the BTC position to bank the +0.97% gain after six straight hold cycles and rebuild dry powder for a dip re-entry, while keeping core exposure to the board's strongest tape."
2026-07-21T18:50:02Z,buy,BTC-USD,approved,ok,0.000679,66294.43,45.00,14.24,505.62,"BTC reclaimed above the $66225 trim price with the board's strongest tape (+3.75%), so redeploying part of the banked cash into the continuation while staying under the 25% position cap."
2026-07-21T19:00:00Z,hold,none,approved,hold,,,,14.24,505.54,"All four slots hold the board's only strong tapes (BTC +3.72%, ETH +4.23%, AAPL +4.23%, MSFT +3.46%), the fresh BTC re-entry is holding its level, no position shows a breakdown worth cutting, and $14 cash can't fund a new entry — no edge in churning."
2026-07-21T19:10:00Z,hold,none,approved,hold,,,,14.24,506.10,"All four slots already hold the board's only strong tapes (ETH +4.39%, AAPL +4.25%, BTC +3.80%, MSFT +3.66%) and every other symbol is red or flat, so with only $14 cash there is no better rotation than letting these winners run."
2026-07-21T19:20:00Z,hold,none,approved,hold,,,,14.24,506.02,"All four slots already hold the board's only strong tapes (ETH +4.34%, BTC +3.81%, AAPL +4.17%, MSFT +3.72%) and every red name (TSLA -4.60%, GOOGL -2.78%, NVDA -2.29%) shows no reversal signal worth rotating a winner into with only $14 free cash."
2026-07-21T19:30:00Z,hold,none,approved,hold,,,,14.24,506.29,"All four slots already hold the board's only green momentum tapes (ETH +4.47%, AAPL +4.15%, BTC +3.86%, MSFT +3.80%) while everything else is red, so with $14 cash and no stronger tape to rotate into, riding the winners is the highest-edge move."
2026-07-21T19:40:00Z,sell,BTC-USD,approved,ok,-0.000677,66450.14,45.00,59.24,506.27,"Trimming ~40% of BTC to bank the +0.9% gain near the day-high $66450 print, keeping a core plus fresh cash to re-add on any dip while ETH/AAPL/MSFT ride the board's only strong tapes."
2026-07-21T19:50:00Z,buy,BTC-USD,approved,ok,0.000753,66419.26,50.00,9.24,505.74,Redeploying trimmed cash into BTC at $66419 — $31 below the $66450 trim print — while it holds a +3.9% tape and the only slot with room under the 25% cap.
2026-07-21T20:00:00Z,sell,MSFT,approved,ok,-0.313572,397.74,124.72,133.96,505.87,"Exiting the only red position — MSFT is fading off its highs (bought $398.63, now $397.74) and lagging AAPL's tape, freeing the fourth slot and cash."
2026-07-21T20:00:00Z,buy,TSLA,approved,ok,0.197905,378.97,75.00,58.96,505.87,"Deploying ~15% of equity into TSLA at -4.34%, the board's biggest loser, for a mean-reversion snap scalp with ~$59 kept dry to add or re-enter next cycle."
2026-07-21T20:10:00Z,hold,none,approved,hold,,,,58.96,505.65,"Equities are closed so only BTC and ETH are tradable, and both are already sitting near the 25% position cap ($124 and $121 vs $126 max) with intact uptrends (+3.9%/+4.4%), leaving the $59 cash undeployable without a cap violation — riding the winners this cycle."
2026-07-21T20:20:00Z,hold,none,approved,hold,,,,58.96,505.54,"Equities are closed so only BTC and ETH are tradable, both are already at ~24.5% of equity — pennies below the 25% cap — and both are holding green momentum, so the only legal trade is a sub-$6 add that's pure noise; keeping full crypto exposure into the overnight tape is the edge."
2026-07-21T20:30:00Z,sell,BTC-USD,approved,ok,-0.000377,66359.24,25.00,83.96,505.58,"BTC has faded to $66359 — below both the $66450 trim print and my $66419 rebuy — so I'm de-risking ~$25 of the stalling leg to bank dry powder for a lower re-entry, while keeping ETH untouched as it holds the board's best momentum at +4.4%."
2026-07-21T20:40:01Z,buy,BTC-USD,approved,ok,0.000407,66416.21,27.00,56.96,505.75,"BTC reclaimed $66416 — back above my $66359 trim print — so I'm redeploying idle cash into the bounce, sized to keep the position just under the 25% cap."
2026-07-21T20:50:00Z,hold,none,approved,hold,,,,56.96,505.66,"Equities are closed, BTC ($126, at the 25% cap) and ETH ($121, near cap) are both riding upside momentum, and $57 cash leaves no room to add — BTC at $66393 is sitting inside my $66359/$66416 chop zone with no exit signal, so I let the winners work."
2026-07-21T21:00:00Z,hold,none,approved,hold,,,,56.96,505.58,"Equities are closed, BTC and ETH are both pinned at the 25% cap with no add room, and BTC at $66368 sits between my $66359 stop-out print and $66416 rebuy with no exit signal — nothing to do but let the caps ride until a break of $66350 forces a trim."
2026-07-21T21:10:02Z,hold,none,approved,hold,,,,56.96,505.46,"Equities are closed, BTC ($126) and ETH ($121) are both pinned at the 25% cap with only ~$5 of add room, and BTC's $66334 print is just -0.12% off my $66416 rebuy — inside chop noise, not a fade signal — so there is no executable edge this cycle."
2026-07-21T21:20:00Z,hold,none,approved,hold,,,,56.96,505.47,"Equities are closed and both tradable assets are pinned at the 25% cap (BTC $126, ETH $121) with only ~$5 of add room, so churning BTC/ETH here would just pay spread with no edge."
2026-07-21T21:30:00Z,hold,none,approved,hold,,,,56.96,505.47,"Equities are closed and both tradable assets are pinned at the 25% cap (BTC $126, ETH $121 with under $5 of add room), BTC is holding above my $66154 avg after the $66416 rebuy with no breakdown signal to justify trimming, so there is no actionable edge this cycle."
2026-07-21T21:40:00Z,hold,none,approved,hold,,,,56.96,505.62,"Equities are closed and BTC ($126.09) and ETH ($121.49) are both effectively pinned at the 25% cap ($126.40) — ETH's ~$4.90 of room is too small to be a real entry, so I hold both winners and wait for a trim signal or cap room."
2026-07-21T21:50:00Z,hold,none,approved,hold,,,,56.96,505.57,"Equities are closed and BTC ($126.13) and ETH ($121.40) remain pinned at the 25% cap with both riding intact upward momentum, so there is no add room and no reason to cut winners."
2026-07-21T22:00:00Z,hold,none,approved,hold,,,,56.96,505.54,"Equities are closed and BTC ($126.19) and ETH ($121.31) remain pinned at the 25% cap with only ~$5 of add room, below any meaningful 5-15% entry size, so there is no actionable edge this cycle."
2026-07-21T22:10:00Z,hold,none,approved,hold,,,,56.96,505.50,"Equities are closed and BTC ($126.12) and ETH ($121.34) remain pinned at the 25% cap ($126.38) with both riding intact uptrends, leaving no deployable edge until the equity session reopens."
2026-07-21T22:20:00Z,hold,none,approved,hold,,,,56.96,505.12,"Equities are closed and BTC ($125.93) and ETH ($121.15) remain pinned at the 25% cap with under $6 of combined headroom, so no meaningful entry or exit exists this cycle."
2026-07-21T22:30:00Z,hold,none,approved,hold,,,,56.96,505.20,"Equities are closed and BTC ($125.98) and ETH ($121.18) remain pinned at the 25% cap ($126.30) with only ~$5 of headroom, too small for a meaningful add, so I hold both crypto momentum positions."
2026-07-21T22:40:00Z,hold,none,approved,hold,,,,56.96,505.37,"Equities are closed and BTC ($126.09) and ETH ($121.26) both sit pinned at the 25% cap with upward momentum intact, so there is no room to add and no reason to cut winners mid-trend."
2026-07-21T22:50:00Z,hold,none,approved,hold,,,,56.96,505.05,"Equities are closed and both BTC ($125.95) and ETH ($121.05) sit pinned at the 25% cap with only ~$5 of combined headroom, leaving no tradable edge this cycle."
2026-07-21T23:00:00Z,hold,none,approved,hold,,,,56.96,505.21,"Equities are closed and both BTC ($126.03) and ETH ($121.14) are already pinned at the 25% cap riding intact uptrends, leaving no room to add and no reason to cut winners."
2026-07-21T23:10:00Z,hold,none,approved,hold,,,,56.96,504.96,"Equities are closed and BTC ($125.96) and ETH ($120.95) both sit pinned at the 25% cap with intraday momentum still positive, so there is no addable exposure and no exit signal worth taking."
2026-07-21T23:20:00Z,hold,none,approved,hold,,,,56.96,505.30,"Equities are closed and BTC ($126.10) and ETH ($121.15) are both pinned at the 25% position cap with intact uptrends and no reversal signal, so there is no room to add and no reason to cut."
2026-07-21T23:30:00Z,hold,none,approved,hold,,,,56.96,505.49,"Equities are closed and BTC ($126.22) and ETH ($121.22) both remain pinned at the 25% cap with intact uptrends, so there is no room to add and no reversal signal to justify selling."
2026-07-21T23:40:00Z,hold,none,approved,hold,,,,56.96,505.68,"Equities are closed and BTC ($126.30) and ETH ($121.33) are both pinned at the 25% cap with only ~$5 of headroom, so no meaningful add or exit edge exists this cycle."
2026-07-21T23:50:00Z,hold,none,approved,hold,,,,56.96,505.76,"Equities are closed and both BTC ($126.35) and ETH ($121.39) remain pinned at the 25% position cap with upward momentum intact, so the $56.96 cash cannot be deployed without a cap violation and cutting winners mid-trend for a sub-1% re-entry slot has negative expected value."
2026-07-22T00:00:00Z,hold,none,approved,hold,,,,56.96,506.29,"Equities are closed and both BTC ($126.53) and ETH ($121.74) remain pinned at the 25% cap with upward momentum intact, so there is nothing tradable to add and no reason to trim winners still trending up."
2026-07-22T00:10:00Z,hold,none,approved,hold,,,,56.96,506.67,"Equities are closed and both BTC ($126.66) and ETH ($121.97) remain pinned at the 25% cap while riding intact upward momentum (+2.77%/+3.84% today), so there is no room to add and no reason to trim winners into strength with nothing tradable to rotate into."
2026-07-22T00:20:00Z,hold,none,approved,hold,,,,56.96,507.00,"Equities are closed and both BTC ($126.64) and ETH ($122.32) are riding positive momentum while pinned at the 25% cap, leaving no room to add and no reason to cut winners mid-trend."
2026-07-22T00:30:00Z,hold,none,approved,hold,,,,56.96,506.91,"Equities are closed and both BTC (+2.81% day, +0.70% P/L) and ETH (+4.00% day, +0.78% P/L) are pinned at the 25% position cap with intact upward momentum, so there is no room to add and no reason to cut winners mid-trend."
2026-07-22T00:40:00Z,hold,none,approved,hold,,,,56.96,507.32,"Equities are closed, all 4 position slots are full, and BTC ($126.80) and ETH ($122.48) are pinned at the 25% cap while both ride intact uptrends (+2.9%/+4.3% day) — no room to add and no reason to cut winners mid-momentum."
2026-07-22T00:50:00Z,hold,none,approved,hold,,,,56.96,507.22,"Equities are closed, both BTC ($126.79) and ETH ($122.38) are pinned at the 25% cap with momentum still positive (+2.88%/+4.19% day), so I let the winners run rather than clip them early with only $57 cash and no tradable headroom."
2026-07-22T01:00:00Z,hold,none,approved,hold,,,,56.96,506.99,"Equities are closed, all 4 slots are full, and BTC ($126.64, +2.76% day) and ETH ($122.31, +4.12% day) are pinned at the 25% cap while riding positive momentum — no room to add and no reversal signal to justify cutting winners."
2026-07-22T01:10:00Z,hold,none,approved,hold,,,,56.96,506.85,"Equities are closed, all 4 slots are full, and BTC (+2.70% day) and ETH (+4.07% day) are both pinned at the 25% cap riding intact upward momentum — no room to add and cutting winners mid-trend has negative edge, so I let them run."
2026-07-22T01:20:00Z,hold,none,approved,hold,,,,56.96,506.20,"Equities are closed, both BTC (+2.46% day) and ETH (+3.76% day) are riding intact uptrends at the 25% position cap with no reversal signal, so I let winners run rather than clip profits into strength."
2026-07-22T01:30:00Z,hold,none,approved,hold,,,,56.96,505.92,"Equities are closed, all 4 slots are full, and BTC (+2.34% day) and ETH (+3.65% day) remain in intact uptrends pinned at the 25% cap with no room to add and no reversal signal to justify cutting."
2026-07-22T01:40:00Z,hold,none,approved,hold,,,,56.96,506.22,"Equities are closed, all 4 slots are full, and BTC (+2.40% day) and ETH (+3.84% day) remain pinned at the 25% cap with uptrends intact and no reversal signal, so I let the winners ride rather than clip them early."
2026-07-22T01:50:00Z,hold,none,approved,hold,,,,56.96,506.52,"Equities are closed, all 4 slots are full, and BTC (+2.53% day, position +0.43%) and ETH (+3.96% day, position +0.74%) are both riding intact uptrends while pinned at the 25% cap, so I let the winners run rather than churn them."
2026-07-22T02:00:00Z,hold,none,approved,hold,,,,56.96,506.16,"Equities are closed, all 4 slots are full, both crypto runners are green with intact momentum (BTC +2.41%, ETH +3.78% day), and both positions sit at the 25% cap so no meaningful add exists — letting winners ride."
2026-07-22T02:10:00Z,hold,none,approved,hold,,,,56.96,506.08,"Equities are closed, all 4 slots are full, BTC and AAPL sit at the 25% cap so cash can't be deployed, and both crypto runners (BTC +2.42%, ETH +3.70%) show intact uptrends with no reversal signal — selling winners mid-trend just to churn would be negative-edge."
2026-07-22T02:20:00Z,hold,none,approved,hold,,,,56.96,506.38,"Equities are closed, all 4 slots are full, BTC (~24.9% of equity) and ETH (~24.1%) both sit at the position cap with intact uptrends (+2.52%/+3.85% day), so there is no room to add and no breakdown signal to justify cutting a green runner."
2026-07-22T02:30:00Z,sell,ETH-USD,approved,ok,-0.018125,1931.06,35.00,91.96,506.11,"ETH is +3.74% on the day and stretched into the overnight session with both crypto slots pinned near the 25% cap, so I'm scaling out a third of the position to bank the move and rebuild cash for a re-entry on the next dip or breakout."
2026-07-22T02:40:00Z,hold,none,approved,hold,,,,91.96,505.76,"Equities are closed, all 4 slots are full with BTC and AAPL at the 25% cap, and re-buying the ETH we trimmed at $1931 ten minutes ago for $1926 is churn not edge — holding the trimmed runners until crypto shows a fresh break."
2026-07-22T02:50:00Z,buy,ETH-USD,approved,ok,0.018143,1929.12,35.00,56.96,506.00,"ETH holds +3.6% day strength near the level of the earlier trim, so redeploying a small $35 tranche back into the strongest crypto runner while staying under the 25% cap and keeping BTC/AAPL untouched at their caps."
2026-07-22T03:00:00Z,hold,none,approved,hold,,,,56.96,505.84,"All 4 slots are full with BTC and AAPL pinned at the 25% cap, equities are closed, and ETH sits within pennies of last cycle's re-entry at 1929 — trimming here would just churn the same level with no fresh momentum signal, so I hold both crypto runners with their day trends (+2.3% BTC, +3.6% ETH) in"
2026-07-22T03:10:00Z,hold,none,approved,hold,,,,56.96,505.75,"Equities are closed, all 4 slots are full with BTC (~24.9%) and ETH (~24.1%) pinned at the cap, and both cryptos are consolidating flat against my re-entry levels with no breakout or breakdown to trade against, so churning here adds risk without edge."
2026-07-22T03:20:00Z,hold,none,approved,hold,,,,56.96,505.69,"Equities are closed, all 4 slots are full with BTC (~24.9%) and ETH (~24.1%) pinned at the cap with only ~$5 of headroom, and both cryptos are grinding sideways in the overnight session with no fresh breakout or breakdown to scalp."
2026-07-22T03:30:00Z,hold,none,approved,hold,,,,56.96,505.87,"Equities are closed, all 4 slots are full with BTC (~24.9%) and ETH (~24.1%) pinned at the 25% cap, and ETH sits at $1930 — dead flat against the 1929-1931 churn zone from earlier cycles, so re-trimming here would just repeat noise trades with no new momentum signal."
2026-07-22T03:40:00Z,hold,none,approved,hold,,,,56.96,505.78,"Equities are closed, all 4 slots are full, and BTC (~24.9%) and ETH (~24.1%) are pinned at the 25% cap with only ~$5 of headroom, so no add or exit offers real edge this cycle."
2026-07-22T03:50:00Z,hold,none,approved,hold,,,,56.96,506.21,"Equities are closed so only BTC and ETH are tradable, and both are pinned at the 25% cap (~24.9% and ~24.1%) with only ~$4 of headroom, leaving no actionable entry despite continued crypto strength."
2026-07-22T04:00:00Z,hold,none,approved,hold,,,,56.96,505.50,"Equities are closed so only BTC and ETH are tradable, and both remain pinned at the 25% cap (~24.9% and ~24.1%) with only ~$5 of headroom, leaving no actionable size for a new entry or add."
2026-07-22T04:10:00Z,hold,none,approved,hold,,,,56.96,506.08,"Equities are closed, BTC and ETH remain pinned at the 25% cap with positive momentum intact (+2.3%/+3.8% today), and the ~$4 of remaining headroom is too small for a meaningful add, so I let the winners ride."
2026-07-22T04:20:00Z,hold,none,approved,hold,,,,56.96,506.16,"Equities are closed and both tradable assets (BTC +2.3%, ETH +3.9%) are already pinned at the 25% cap with positive momentum, leaving no headroom for a meaningful add and no reason to cut winners."
2026-07-22T04:30:00Z,hold,none,approved,hold,,,,56.96,506.28,"Equities are closed, BTC and ETH are both pinned at the 25% cap with intact upward momentum (+2.4%/+3.9%), so there is no room to add and no reason to cut winners mid-trend."
2026-07-22T04:40:00Z,hold,none,approved,hold,,,,56.96,506.34,"Equities are closed and both tradable cryptos remain pinned at the 25% cap (BTC $126.18, ETH $122.11 of a $126.59 limit) with upward momentum intact, so there is no room to add and no reason to cut winners."
2026-07-22T04:50:00Z,hold,none,approved,hold,,,,56.96,506.34,"Equities are closed, both tradable cryptos remain pinned at the 25% cap (BTC +2.3%, ETH +4.0%) with upward momentum intact, and only ~$4 of headroom exists, so there is no actionable edge beyond letting the winners run."
2026-07-22T13:24:35Z,sell,BTC-USD,approved,ok,-0.001902,65536.17,124.62,181.58,503.81,"BTC intraday momentum has rolled over (+2.3% earlier to +1.14% now) and the position broke below entry to -0.93%, so cut the fading loser and hold cash to re-enter on renewed strength since ETH is already pinned at the 25% cap and equities are closed."
2026-07-22T13:30:00Z,sell,TSLA,approved,ok,-0.197905,375.37,74.29,255.87,503.18,"TSLA is -4.84% on the day with the whole tech tape red, so I'm cutting the loser before it bleeds further."
2026-07-22T13:30:00Z,buy,MSFT,approved,ok,0.150064,399.83,60.00,195.87,503.18,"MSFT is +1.06% while QQQ is -1.22%, and that relative strength on a red tape is the cleanest momentum long on the board."
2026-07-22T13:30:00Z,buy,GOOGL,approved,ok,0.143614,348.15,50.00,145.87,503.18,"GOOGL's -6.14% washout is stretched versus QQQ's -1.22%, so a small mean-reversion snap position with a fast cut if it keeps sliding."
2026-07-22T13:40:00Z,sell,MSFT,approved,ok,-0.150064,395.01,59.28,205.14,502.85,"The relative-strength thesis is broken — MSFT went from +1.06% at entry to -0.16% and the position is -1.21%, so I'm cutting the loser fast."
2026-07-22T13:40:00Z,buy,GOOGL,approved,ok,0.143513,348.40,50.00,155.14,502.85,"GOOGL is still washed out -6.07% versus QQQ's -1.91% but has stabilized above my entry, so I'm adding ~10% of equity to the mean-reversion snap while staying under the 25% cap."
2026-07-22T13:50:00Z,sell,AAPL,approved,ok,-0.384829,326.89,125.80,280.94,503.38,"AAPL is dead money — flat at -0.18% with no momentum either direction while capital is capped, so I'm freeing the full 25% slot for something moving."
2026-07-22T13:50:00Z,buy,BTC-USD,approved,ok,0.000911,65858.09,60.00,220.94,503.38,"BTC has re-accelerated to +1.64% after the earlier fade I sold at +1.14%, and with ETH ripping +4.14% the crypto tape is the only green momentum on the board — small 12% re-entry."
2026-07-22T13:50:00Z,hold,ETH-USD,approved,hold,,,,220.94,503.38,"ETH is the strongest name on the screen at +4.14% and my position is up +0.79% near the 25% cap, so I let the winner run."
2026-07-22T13:50:00Z,hold,GOOGL,approved,hold,,,,220.94,503.38,GOOGL mean-reversion snap is intact — still washed out -6.03% vs QQQ -1.70% and holding above my basis.
2026-07-22T14:00:00Z,sell,ETH-USD,approved,ok,-0.063123,1938.50,122.36,343.31,503.37,ETH is up +4.14% on the day and my position is green +0.79% — taking the profit at the top of the strongest move on the screen rather than round-tripping it.
2026-07-22T14:00:00Z,buy,META,approved,ok,0.094788,632.99,60.00,283.31,503.37,"META is the most washed-out name at -7.09% versus SPY -0.82%, a stretched mean-reversion snap candidate for a fast bounce trade."
2026-07-22T14:10:00Z,sell,BTC-USD,approved,ok,-0.000911,65982.69,60.11,343.42,503.72,BTC is green +0.19% but momentum leadership has rotated to ETH (+4.48% vs BTC +1.83%) — take the small profit and redeploy into the stronger crypto leg.
2026-07-22T14:10:00Z,buy,ETH-USD,approved,ok,0.030852,1944.80,60.00,283.42,503.72,"ETH has re-accelerated to +4.48%, the strongest name on the board and above where I sold at +4.14%, so I'm re-entering the clear momentum leader."
2026-07-22T14:10:00Z,hold,META,approved,hold,,,,283.42,503.72,"META mean-reversion snap is working — green +0.26% while still washed out -6.85% vs SPY -0.83%, so let the bounce run."
2026-07-22T14:10:00Z,hold,GOOGL,approved,hold,,,,283.42,503.72,GOOGL is still the second-most washed-out name at -5.96% vs QQQ -1.53% and my position just turned green — hold the snap.
2026-07-22T14:20:00Z,sell,META,approved,ok,-0.094788,629.93,59.71,343.13,502.68,"The mean-reversion snap failed — META has extended from -7.09% to -7.54% and my entry is now red -0.48%, so I cut the loser fast per the plan rather than average into a falling knife."
2026-07-22T14:20:00Z,sell,GOOGL,approved,ok,-0.287127,347.95,99.91,443.03,502.68,"GOOGL is bleeding further from -5.96% to -6.19% with no reversal candle and the whole tape is risk-off (SPY -0.88%, QQQ -1.44%), so I exit the second failed dip-buy and free capital."
2026-07-22T14:20:00Z,buy,ETH-USD,approved,ok,0.031035,1933.30,60.00,383.03,502.68,"ETH is the only strong name on the board at +3.86% and the sole non-correlated asset while equities sell off, so I add to the winner and concentrate the account in the one working momentum trade."
2026-07-22T14:30:00Z,buy,ETH-USD,vetoed,position would exceed 25% of equity,,,,383.03,502.11,ETH is the only green asset on a broadly red tape at +3.37% and non-correlated to the equity selloff — adding on the shallow pullback to $1924 keeps my momentum leader position under the 25% cap.
2026-07-22T14:30:00Z,hold,none,approved,hold,,,,383.03,502.11,"Every equity name is bleeding with no reversal candle — META -7.58% and GOOGL -6.26% are falling knives I already cut, so no new equity risk this cycle."
2026-07-22T14:40:00Z,buy,BTC-USD,approved,ok,0.000837,65686.51,55.00,328.03,502.45,"BTC at +1.37% is the only other green, non-correlated asset on a uniformly red equity tape and adds a second crypto momentum leg without breaching the 25% single-position cap."
2026-07-22T14:40:00Z,buy,ETH-USD,vetoed,position would exceed 25% of equity,,,,328.03,502.45,"ETH is the strongest name on the board at +3.66% and my existing lot is only -0.49% underwater, so I add on the shallow pullback rather than fight the equity bleed."
2026-07-22T14:50:00Z,sell,ETH-USD,approved,ok,-0.061887,1929.24,119.39,447.43,502.45,ETH is up +3.65% on the day but my lot is underwater at -0.51% and momentum has faded from +3.86% to +3.65% across the last three cycles while the entire equity tape bleeds — take the loss small and free capital rather than average into a stalling move.
2026-07-22T14:50:00Z,buy,BTC-USD,approved,ok,0.000913,65706.24,60.00,387.43,502.45,"BTC is the only asset still extending on the day (+1.37% to +1.40%) and my existing lot is green, so add a small tranche to the one name with intact upward momentum while staying under the 25% single-position cap."
2026-07-22T15:00:00Z,buy,ETH-USD,approved,ok,0.028458,1932.70,55.00,332.43,502.55,"ETH is the strongest asset on the board at +3.83% and still extending while every equity name bleeds, so I want a fresh momentum lot in the only non-correlated leader."
2026-07-22T15:00:00Z,buy,BTC-USD,vetoed,position would exceed 25% of equity,,,,332.43,502.55,"BTC extended from +1.40% to +1.50% since last cycle and my existing lot just flipped green, so I add a small tranche to the working trend while staying under the 25% position cap."
2026-07-22T15:10:00Z,sell,ETH-USD,approved,ok,-0.028458,1936.44,55.11,387.54,502.79,"ETH is up +4.03% on the day and my lot is green at +0.19% — take the profit into strength while the entire equity board bleeds red, since a crypto reversal into a risk-off tape would erase this fast."
2026-07-22T15:10:00Z,buy,BTC-USD,vetoed,position would exceed 25% of equity,,,,387.54,502.79,BTC extended to +1.62% and my existing lot is green at +0.23% — add a small tranche to the only asset holding a clean uptrend on an otherwise uniformly red board.
2026-07-22T15:20:00Z,sell,BTC-USD,approved,ok,-0.001750,65955.34,115.45,502.99,502.99,"BTC is up +1.79% and my lot is green at +0.39% — take the scalp profit into strength while every equity on the board is bleeding, and go to cash rather than chase a broad-market risk-off tape."
2026-07-22T15:30:00Z,buy,ETH-USD,approved,ok,0.033340,1949.60,65.00,437.99,502.99,ETH is the strongest thing on the board at +4.74% and still extending while every equity is red — re-enter the same momentum leg I already scalped once today.
2026-07-22T15:30:00Z,buy,BTC-USD,approved,ok,0.000833,66052.93,55.00,382.99,502.99,"BTC at +1.94% is the second-best relative-strength name and crypto is the only green sector, so take a small trailing position alongside ETH."
2026-07-22T15:40:00Z,buy,ETH-USD,approved,ok,0.025741,1942.40,50.00,332.99,502.66,ETH is still the strongest name on the board at +4.35% while every equity is red — add to the momentum leader on this shallow pullback to my avg.
2026-07-22T15:40:00Z,sell,BTC-USD,approved,ok,-0.000833,65949.49,54.91,387.90,502.66,BTC momentum has stalled (+1.94% down to +1.78%) and my lot is red — cut the weaker crypto leg fast and concentrate into ETH.
2026-07-22T15:50:02Z,buy,ETH-USD,vetoed,position would exceed 25% of equity,,,,387.90,502.79,ETH is the only strong name on the board at +4.47% while every equity is red; add to the momentum leader on the shallow pullback to 1944.
2026-07-22T16:00:00Z,buy,ETH-USD,vetoed,position would exceed 25% of equity,,,,387.90,502.64,"ETH is still the only green momentum name on a broadly red tape at +4.33% and holding near session highs, so I'm adding to the winner while equities bleed."
2026-07-22T16:00:00Z,buy,BTC-USD,approved,ok,0.000682,66012.71,45.00,342.90,502.64,"BTC at +1.88% is the second-best relative-strength name and is re-firming off the 65.9k dip I sold, so I'm re-entering small for the crypto-strength pair trade."
2026-07-22T16:10:00Z,sell,BTC-USD,approved,ok,-0.000682,66097.87,45.06,387.96,502.84,BTC is green +0.13% on my lot but has stalled in a 66k range for three cycles while ETH runs — take the small win and concentrate into the leader.
2026-07-22T16:10:00Z,buy,ETH-USD,vetoed,position would exceed 25% of equity,,,,387.96,502.84,ETH is the strongest name on the board at +4.46% and firming into the highs while every equity is red — add to the only real momentum on the tape.
2026-07-22T16:20:00Z,buy,ETH-USD,vetoed,position would exceed 25% of equity,,,,387.96,502.63,ETH is the lone strong name at +4.27% on a broadly red tape and is holding near highs — add to the existing lot rather than sit flat with 77% of equity in cash.
2026-07-22T16:30:00Z,buy,ETH-USD,vetoed,position would exceed 25% of equity,,,,387.96,502.51,"ETH is the lone strong name at +4.16% on a broadly red tape and I already hold a small lot near breakeven, so I'm adding to the only working momentum leader rather than sitting flat again."
2026-07-22T16:40:00Z,buy,ETH-USD,vetoed,position would exceed 25% of equity,,,,387.96,503.45,ETH is the strongest name on the board at +5.01% and making new highs while everything else bleeds; adding to my winning lot keeps total ETH exposure near 33 percent of equity... trimming to stay under the 25 percent cap.
2026-07-22T16:40:00Z,buy,BTC-USD,approved,ok,0.000904,66341.50,60.00,327.96,503.45,"BTC is the only other green name at +2.38% and has broken out of the 66k range it stalled in earlier, so crypto strength is broadening rather than being ETH-only."
2026-07-22T16:50:01Z,sell,ETH-USD,approved,ok,-0.059082,1947.58,115.07,443.03,502.87,ETH is up +4.63% and printing new highs while every equity name is deeply red — take the profit into strength rather than hold a 22% position into a risk-off tape.
2026-07-22T16:50:01Z,buy,BTC-USD,approved,ok,0.000907,66168.15,60.00,383.03,502.87,BTC is holding +2.12% and the only other green name on a broadly red board — add a small tranche to the existing lot to ride crypto strength with less extension risk than ETH.
2026-07-22T17:00:00Z,buy,ETH-USD,approved,ok,0.030783,1949.10,60.00,323.03,502.94,ETH is the strongest name on the board at +4.71% making new highs while every equity is red — take the momentum leader with a 12% starter rather than adding a third BTC tranche.
2026-07-22T17:00:00Z,sell,BTC-USD,approved,ok,-0.000680,66204.83,45.00,368.03,502.94,BTC is flat against my average after two adds and lagging ETH badly on the same crypto bid — trim a third of the position to fund the stronger horse.
2026-07-22T17:10:01Z,sell,BTC-USD,approved,ok,-0.001131,66172.60,74.87,442.90,502.86,BTC has stalled flat against my average and is badly lagging ETH's +4.64% on the same risk-on tape — recycle the capital into the leader.
2026-07-22T17:10:01Z,buy,ETH-USD,approved,ok,0.030804,1947.78,60.00,382.90,502.86,ETH is the strongest name on the board at +4.64% making new highs while every equity name is deeply red — add to the clear momentum leader.
2026-07-22T17:20:01Z,sell,ETH-USD,approved,ok,-0.061588,1941.30,119.56,502.46,502.46,"ETH has faded from +4.71% to +4.29% and my position is underwater against a 1948 average after three adds — momentum is rolling over, so take the small loss and go flat rather than average down again."
2026-07-22T17:20:01Z,buy,BTC-USD,approved,ok,0.000909,66035.58,60.00,442.46,502.46,BTC is the only other green name on a deeply red board at +1.91% and has held its gains while ETH fades — rotate a small 12% starter into the steadier crypto leg.
2026-07-22T17:30:00Z,sell,BTC-USD,approved,ok,-0.000909,65959.01,59.93,502.39,502.39,BTC is underwater against my 66035 average and its +1.79% is fading while ETH accelerates to +3.98% — cut the laggard and free the cash.
2026-07-22T17:30:00Z,buy,ETH-USD,approved,ok,0.031001,1935.40,60.00,442.39,502.39,"ETH is the clear momentum leader at +3.98% on a board where every equity is red, so rotate the crypto exposure into the strongest name."
2026-07-22T17:40:01Z,sell,ETH-USD,approved,ok,-0.031001,1941.68,60.19,502.58,502.58,ETH is only +0.32% against my average after fading from +4.71% earlier and the last three cycles of round-tripping between ETH and BTC have bled the account; take the small green and reset.
2026-07-22T17:40:01Z,buy,BTC-USD,approved,ok,0.000908,66106.92,60.00,442.58,502.58,"BTC at +2.02% is making the session's best relative structure while ETH decays off its high, so rotate a 12% starter into the steadier crypto leader on a board where every equity is red."
2026-07-22T17:50:00Z,sell,BTC-USD,approved,ok,-0.000908,66117.19,60.01,502.59,502.59,"BTC is only +0.02% against my average after three straight churn cycles and its +2.04% is stalling while ETH has accelerated to +4.42%, so I rotate the capital to the stronger leg."
2026-07-22T17:50:00Z,buy,ETH-USD,approved,ok,0.033442,1943.67,65.00,437.59,502.59,"ETH is the session's clear momentum leader at +4.42%, well above its earlier +3.98% fade level, and it is the only name making new highs on a board where every equity is deeply red."
2026-07-22T18:00:00Z,sell,ETH-USD,approved,ok,-0.033442,1937.74,64.80,502.40,502.40,"ETH has faded from +4.42% at my entry to +4.10% and sits 0.31% underwater after three straight losing churn cycles, so I cut it before the fade extends."
2026-07-22T18:00:00Z,buy,BTC-USD,approved,ok,0.000909,66000.94,60.00,442.40,502.40,"BTC at +1.86% is the only other green name on an ugly tape and is holding a steadier uptrend than ETH's decaying spike, so I rotate a small 12% stake into the firmer crypto leg."
2026-07-22T18:10:00Z,sell,BTC-USD,approved,ok,-0.000909,65970.25,59.97,502.37,502.37,"BTC has stalled at -0.05% against my average after fading from +2.02% earlier in the session, and the churn is bleeding the account."
2026-07-22T18:10:00Z,buy,ETH-USD,approved,ok,0.031050,1932.34,60.00,442.37,502.37,ETH at +3.81% is the strongest name on the tape and has re-accelerated off its earlier fade while every equity index and megacap is deeply red.
2026-07-22T18:20:00Z,sell,ETH-USD,approved,ok,-0.031050,1936.80,60.14,502.51,502.51,ETH has faded from +4.42% earlier to +4.05% and my position is only +0.23% after a full cycle of chop — take the small win rather than round-trip it a fourth time.
2026-07-22T18:20:00Z,buy,BTC-USD,approved,ok,0.000910,65967.08,60.00,442.51,502.51,"BTC at +1.81% is the only other green name on a broadly red tape (META -8%, GOOGL -6.6%, TSLA -4.8%) and has been the steadier of the two crypto legs, so rotate the crypto exposure there for a ~12% equity clip."
2026-07-22T18:30:00Z,sell,BTC-USD,approved,ok,-0.000910,65834.44,59.88,502.39,502.39,"BTC has faded from +1.81% at entry to +1.60% and the position is -0.20% underwater with no re-acceleration, so cut it fast per the tight-stop rule."
2026-07-22T18:30:00Z,buy,ETH-USD,approved,ok,0.031068,1931.26,60.00,442.39,502.39,"ETH at +3.75% is by far the strongest name on a deeply red tape and is holding its gain while BTC fades, so rotate crypto exposure into the relative-strength leader."
2026-07-22T18:40:00Z,hold,none,approved,hold,,,,442.39,502.14,"ETH remains the strongest name on a deeply red tape at +3.33% and my position is only -0.41% underwater with no better setup elsewhere — everything else is bleeding, so I hold the leader rather than chase a falling knife."
2026-07-22T18:50:00Z,sell,ETH-USD,approved,ok,-0.031068,1926.82,59.86,502.25,502.25,ETH momentum has decayed from +4.4% to +3.5% while my position sits underwater at -0.23%; cut it and go flat rather than hold a fading leader on a tape where every equity name is red.
2026-07-22T18:50:00Z,buy,BTC-USD,approved,ok,0.000912,65780.20,60.00,442.25,502.25,"BTC is the only name still expanding today at +1.52% with none of ETH's intraday fade, so rotate the crypto exposure into the steadier leg for a fast momentum scalp."
2026-07-22T19:00:00Z,sell,BTC-USD,approved,ok,-0.000912,65864.26,60.08,502.32,502.32,BTC's momentum is flattening at +1.65% while the position sits at only +0.13% — take the small gain and rotate into the day's strongest expanding name.
2026-07-22T19:00:00Z,buy,ETH-USD,approved,ok,0.031090,1929.88,60.00,442.32,502.32,"ETH at +3.68% is re-accelerating and is by far the strongest name on a deeply red tape, leading BTC by more than 2 points of relative strength."
2026-07-22T19:10:00Z,sell,ETH-USD,approved,ok,-0.031090,1925.16,59.85,502.18,502.18,ETH momentum has faded from +3.68% at entry to +3.43% and the position is underwater again — cut it rather than round-trip a third time.
2026-07-22T19:10:00Z,buy,BTC-USD,approved,ok,0.000912,65754.98,60.00,442.18,502.18,"BTC at +1.48% is the only crypto holding a steady uptrend without ETH's intraday decay, and it's the sole green name outside ETH on a broadly red tape."
2026-07-22T19:20:00Z,sell,BTC-USD,approved,ok,-0.000912,65822.42,60.06,502.24,502.24,"BTC has stalled at +1.58% with the position only +0.10% after two flat cycles, so I'm rotating out of the laggard."
2026-07-22T19:20:00Z,buy,ETH-USD,approved,ok,0.031139,1926.85,60.00,442.24,502.24,"ETH at +3.52% is more than double BTC's move and is the strongest name on the board on a broadly red equity tape, so I'm putting the crypto allocation where the momentum actually is."
2026-07-22T19:30:00Z,sell,ETH-USD,approved,ok,-0.031139,1926.12,59.98,502.22,502.22,"ETH has faded from +3.52% at entry to +3.48% with the position underwater and the last three crypto rotations all producing flat-to-negative churn, so I'm taking the position off rather than paying spread for another sideways cycle."
2026-07-22T19:30:00Z,buy,META,approved,ok,0.095680,627.09,60.00,442.22,502.22,"META at -7.96% is by far the most oversold name on the board and a washed-out mega-cap into afternoon is the highest-probability mean-reversion snap available, sized at ~12% of equity with a fast exit if it keeps bleeding."
2026-07-22T19:40:00Z,sell,META,approved,ok,-0.095680,625.25,59.82,502.04,502.04,"The oversold-bounce thesis on META has not paid — it slid from -7.96% to -8.23% while underwater, so cut it and stop catching a falling knife."
2026-07-22T19:40:00Z,buy,ETH-USD,approved,ok,0.031160,1925.55,60.00,442.04,502.04,ETH at +3.45% is the strongest name on the board by a wide margin and the only asset with real upside momentum while every equity bleeds.
2026-07-22T19:50:01Z,sell,ETH-USD,approved,ok,-0.031160,1925.46,60.00,502.04,502.04,ETH has been flat at +3.44% for two cycles with the position at breakeven — recycle the capital rather than pay round-trip friction on a stalled move.
2026-07-22T19:50:01Z,buy,BTC-USD,approved,ok,0.000911,65872.95,60.00,442.04,502.04,"BTC at +1.66% is the only name still building on its move while the entire equity board is red, so rotate the crypto exposure into the one chart that is still trending up rather than the one that has gone flat."
2026-07-22T20:00:01Z,sell,BTC-USD,approved,ok,-0.000911,65830.13,59.96,502.00,502.00,BTC has stalled at +1.60% and the position is underwater after two cycles of no follow-through — recycle capital rather than bleed.
2026-07-22T20:00:01Z,buy,ETH-USD,approved,ok,0.031192,1923.54,60.00,442.00,502.00,"ETH at +3.34% is the strongest mover on the board while every equity name is red, and it is still the only asset making upside progress."
2026-07-22T20:10:00Z,sell,ETH-USD,approved,ok,-0.031192,1925.07,60.05,502.05,502.05,ETH has decayed from +3.45% to +3.42% over three cycles with the position stuck at breakeven — the move is exhausted and holding it ties up capital in a stalled leader.
2026-07-22T20:10:00Z,buy,BTC-USD,approved,ok,0.000912,65789.42,60.00,442.05,502.05,"BTC is the only name on the board making a fresh push (+1.53% and rebuilding after its earlier stall) while every equity is closed and red, so I rotate into the one live asset showing renewed upside momentum."
2026-07-22T20:20:00Z,sell,BTC-USD,approved,ok,-0.000912,65905.54,60.11,502.15,502.15,BTC is up only +0.18% on the position and its +1.71% day move is lagging ETH badly — recycle the capital into the stronger leg.
2026-07-22T20:20:00Z,buy,ETH-USD,approved,ok,0.033714,1927.99,65.00,437.15,502.15,"ETH at +3.58% is the strongest and still-expanding mover on the board while every equity name is red and untradable, so it gets the crypto allocation this cycle."
2026-07-22T20:30:00Z,sell,ETH-USD,approved,ok,-0.033714,1926.67,64.96,502.11,502.11,"ETH has flatlined at +3.51% and the position is slightly underwater after a full cycle with no follow-through, while BTC is the only name accelerating."
2026-07-22T20:30:00Z,buy,BTC-USD,approved,ok,0.000910,65898.55,60.00,442.11,502.11,BTC at +1.70% is making a fresh push off its intraday base and is the only asset on the board still expanding while every equity name is closed and red.
2026-07-22T20:40:00Z,sell,BTC-USD,approved,ok,-0.000910,65906.62,60.01,502.11,502.11,BTC is flat at +0.01% on the position while ETH has expanded from +3.42% to +3.52% — rotate out of the laggard.
2026-07-22T20:40:00Z,buy,ETH-USD,approved,ok,0.031138,1926.90,60.00,442.11,502.11,"ETH is the strongest and still-expanding mover on the board at +3.52%, doubling BTC's day gain, so take a ~12% equity entry on the leader."
2026-07-22T20:50:01Z,sell,ETH-USD,approved,ok,-0.031138,1925.86,59.97,502.08,502.08,ETH has stalled at +3.46% after three cycles of chop and the position is underwater with no expansion left in the move.
2026-07-22T20:50:01Z,buy,BTC-USD,approved,ok,0.000911,65887.97,60.00,442.08,502.08,"BTC is the only asset still expanding on the day at +1.68% off its base while every equity name is deeply red and untradable, so rotate the crypto allocation into the mover with room left."
2026-07-22T21:00:00Z,sell,BTC-USD,approved,ok,-0.000911,65892.16,60.00,502.09,502.09,BTC is dead flat at +0.01% on the position and its intraday momentum has decayed to +1.69% while ETH has expanded from +3.46% to +3.47% and holds the strongest trend on the board.
2026-07-22T21:00:00Z,buy,ETH-USD,approved,ok,0.031154,1925.94,60.00,442.09,502.09,"ETH is the top momentum name at +3.47% and roughly double BTC's daily gain, so I'm rotating the freed capital plus a small add into the leader for the next leg."
2026-07-22T21:10:00Z,sell,ETH-USD,approved,ok,-0.031154,1928.60,60.08,502.17,502.17,ETH has flattened at +3.61% after four cycles of chop and the position is only +0.14% — take the scratch profit off the table before it rolls over.
2026-07-22T21:10:00Z,buy,BTC-USD,approved,ok,0.000911,65891.72,60.00,442.17,502.17,"BTC at +1.69% is the only crypto still building on the day rather than stalling, so rotate the freed capital into the expanding mover with a ~12% equity entry."
2026-07-22T21:20:00Z,sell,BTC-USD,approved,ok,-0.000911,65887.43,60.00,502.16,502.16,"BTC is flat at -0.01% on the position and has stopped extending, so I'm freeing the capital rather than paying chop."
2026-07-22T21:20:00Z,buy,ETH-USD,approved,ok,0.031135,1927.10,60.00,442.16,502.16,"ETH at +3.53% is re-accelerating and is now more than double BTC's daily gain, making it the strongest live momentum name available while equities are closed."
2026-07-22T21:30:00Z,sell,ETH-USD,approved,ok,-0.031135,1926.96,60.00,502.16,502.16,"ETH is flat at -0.01% on the position and has stalled at +3.5% for three cycles, so I'm freeing the capital."
2026-07-22T21:30:00Z,buy,BTC-USD,approved,ok,0.000911,65878.01,60.00,442.16,502.16,"BTC at +1.67% is the only crypto still quietly extending rather than chopping sideways, so I rotate into it for the next leg."
2026-07-22T21:40:00Z,sell,BTC-USD,approved,ok,-0.000911,66039.60,60.15,502.31,502.31,"BTC is up +0.25% on the position but only +1.92% on the day versus ETH's +3.83%, so I'm rotating out of the laggard while the small gain is real."
2026-07-22T21:40:00Z,buy,ETH-USD,approved,ok,0.036218,1932.72,70.00,432.31,502.31,ETH at +3.83% is the strongest and still-extending name on the board — double BTC's daily move — so I'm putting ~14% of equity into the leader.
2026-07-22T21:50:00Z,sell,ETH-USD,approved,ok,-0.036218,1935.98,70.12,502.43,502.43,"ETH is only +0.17% on the position and has spent four cycles pinned between +3.5% and +4.0% while BTC has quietly accelerated from +1.67% to +2.00%, so I'm rotating out of the stalled leader."
2026-07-22T21:50:00Z,buy,BTC-USD,approved,ok,0.000983,66091.16,65.00,437.43,502.43,"BTC is the one name still making higher daily prints cycle over cycle, so I'm putting ~13% of equity into the actively extending crypto instead of the chopping one."
2026-07-22T22:00:00Z,sell,BTC-USD,approved,ok,-0.000983,66041.25,64.95,502.38,502.38,"BTC is flat at -0.08% on the position and has been rotated into twice with no follow-through, so I'm freeing the capital rather than paying spread on a stalled name."
2026-07-22T22:00:00Z,buy,ETH-USD,approved,ok,0.033561,1936.79,65.00,437.38,502.38,"ETH at +4.05% is now making a new daily high and leading BTC by more than 2x on the day, so I'm taking a fresh ~13% equity entry on the strongest extending name."
2026-07-22T22:10:00Z,sell,ETH-USD,approved,ok,-0.033561,1935.21,64.95,502.32,502.32,"ETH is flat at -0.08% on the position and has stalled after its new daily high while BTC keeps grinding higher, so I'm cutting the dead trade."
2026-07-22T22:10:00Z,buy,BTC-USD,approved,ok,0.000985,65979.15,65.00,437.32,502.32,"BTC at +1.83% is the only name still making higher prints into a quiet tape, so I'm rotating a ~13% equity clip into the steadier trend."
2026-07-22T22:20:00Z,sell,BTC-USD,approved,ok,-0.000985,65963.66,64.98,502.31,502.31,"BTC has gone flat again at -0.02% after three straight round-trips with no follow-through, so I'm cutting the dead position and freeing the capital."
2026-07-22T22:20:00Z,buy,ETH-USD,approved,ok,0.036207,1933.32,70.00,432.31,502.31,"ETH at +3.86% is more than double BTC's daily gain and is the only name with real relative strength in a tape where every equity is red, so I'm rotating into the leader with a ~14% equity entry."
2026-07-22T22:30:00Z,sell,ETH-USD,approved,ok,-0.036207,1935.33,70.07,502.38,502.38,"ETH is flat at +0.10% after four straight round-trips with no follow-through, so I'm taking the tiny gain and stepping aside rather than paying spread on a fifth chop."
2026-07-22T22:30:00Z,buy,BTC-USD,approved,ok,0.000909,65991.32,60.00,442.38,502.38,"With crypto the only tradable tape and ETH stalling under its daily high, I'm rotating a small 12% starter into BTC at +1.84% where the grind higher is steadier."
2026-07-22T22:40:00Z,sell,BTC-USD,approved,ok,-0.000909,65918.71,59.93,502.32,502.32,"BTC has again gone flat at -0.11% after the rotation with no follow-through, so I'm cutting it rather than paying spread on a stalled tape."
2026-07-22T22:40:00Z,buy,ETH-USD,approved,ok,0.033644,1932.00,65.00,437.32,502.32,"ETH at +3.79% is more than double BTC's daily gain and remains the strongest tradable momentum name, so I'm sizing ~13% of equity into the leader."
2026-07-22T22:50:00Z,sell,ETH-USD,approved,ok,-0.033644,1932.97,65.03,502.35,502.35,"ETH has stalled at +0.05% since entry with no follow-through after five straight round-trips, so I'm cutting the dead position rather than paying spread on chop."
2026-07-22T22:50:00Z,buy,BTC-USD,approved,ok,0.000985,65997.83,65.00,437.35,502.35,"BTC at +1.85% is the only tradable name still holding an uptrend without ETH's exhausted parabolic extension, so I'm rotating a ~13% equity clip there."
2026-07-22T23:00:00Z,sell,BTC-USD,approved,ok,-0.000985,66017.99,65.02,502.37,502.37,"BTC has gone flat at +0.03% since entry with no follow-through, so I'm cutting the dead position and rotating to the stronger tape."
2026-07-22T23:00:00Z,buy,ETH-USD,approved,ok,0.033549,1937.45,65.00,437.37,502.37,"ETH at +4.09% is more than double BTC's daily gain and is the strongest momentum name on the only tradable tape, so I'm putting ~13% of equity behind the leader."
2026-07-22T23:10:00Z,sell,ETH-USD,approved,ok,-0.033549,1935.50,64.93,502.30,502.30,"ETH is flat at -0.10% since entry with no follow-through after another 10-minute hold, so I'm cutting it and rotating."
2026-07-22T23:10:00Z,buy,BTC-USD,approved,ok,0.000909,66033.13,60.00,442.30,502.30,"BTC at +1.91% is grinding higher steadily while ETH stalls at its +4% extension, making it the better momentum vehicle for this cycle."
2026-07-22T23:20:00Z,sell,BTC-USD,approved,ok,-0.000909,65862.17,59.84,502.15,502.15,"BTC has rolled over to -0.26% since entry and its daily gain faded from +1.91% to +1.64%, so I cut the loser fast."
2026-07-22T23:20:00Z,buy,ETH-USD,approved,ok,0.031157,1925.74,60.00,442.15,502.15,ETH at +3.46% is more than double BTC's daily strength and is the only tradable name with real momentum while equities are closed.
2026-07-22T23:30:00Z,sell,ETH-USD,approved,ok,-0.031157,1928.10,60.07,502.22,502.22,"ETH is only +0.12% since entry and has faded from +4.09% to +3.58% on the day, so I'm cutting the stalled position rather than paying for another flat cycle."
2026-07-22T23:30:00Z,buy,BTC-USD,approved,ok,0.000910,65938.93,60.00,442.22,502.22,"BTC at +1.76% is the only crypto still making higher ground while ETH decays off its extension, so I'm rotating ~12% of equity into the fresher trend with equities closed."
2026-07-22T23:40:00Z,sell,BTC-USD,approved,ok,-0.000910,65948.16,60.01,502.23,502.23,"BTC is flat at +0.01% since entry with no follow-through and its daily gain has faded from +1.91% to +1.78%, so I'm rotating out of a stalled position."
2026-07-22T23:40:00Z,buy,ETH-USD,approved,ok,0.031094,1929.64,60.00,442.23,502.23,ETH at +3.67% has reaccelerated to more than double BTC's daily strength and is the stronger of the two tradable crypto legs this cycle.
2026-07-22T23:50:00Z,sell,ETH-USD,approved,ok,-0.031094,1930.88,60.04,502.27,502.27,"ETH is only +0.06% since entry with no follow-through after four cycles of chop, so I take the flat exit rather than bleed on decay."
2026-07-22T23:50:00Z,buy,BTC-USD,approved,ok,0.000909,65998.96,60.00,442.27,502.27,"BTC at +1.86% has firmed back up while ETH stalls, so I rotate into the crypto currently making higher ground with a ~12% equity entry."
2026-07-23T00:00:00Z,sell,BTC-USD,approved,ok,-0.000909,66086.61,60.08,502.35,502.35,"BTC is only +0.13% since entry after another flat cycle and its daily gain has stalled at +2.16% while ETH runs +3.31%, so I take the small win and rotate."
2026-07-23T00:00:00Z,buy,ETH-USD,approved,ok,0.031031,1933.54,60.00,442.35,502.35,"ETH at +3.31% is the strongest momentum name available with crypto the only tradable market, so I put ~12% of equity into the leader."
2026-07-23T00:10:00Z,buy,ETH-USD,approved,ok,0.028406,1936.21,55.00,387.35,502.43,"ETH is the strongest tradable name at +3.46% and has extended above my entry while BTC lags at +2.30%, so I add to the winner rather than rotate again into chop."
2026-07-23T00:20:00Z,hold,none,approved,hold,,,,387.35,502.34,"ETH is my only tradable momentum name and I already hold a full position at breakeven with equities closed, so I let the +3.37% leader work rather than churn a third round-trip in an hour."
2026-07-23T00:30:00Z,sell,ETH-USD,approved,ok,-0.059437,1937.49,115.16,502.51,502.51,"ETH is up only 0.14% after three cycles of holding a full position at breakeven with no follow-through above $1940, so I take the small gain off and free cash."
2026-07-23T00:30:00Z,buy,BTC-USD,approved,ok,0.000906,66219.27,60.00,442.51,502.51,"BTC at +2.36% is accelerating on the day while ETH stalls, so I rotate a 12% starter into the stronger crypto leg."
2026-07-23T00:40:00Z,sell,BTC-USD,approved,ok,-0.000906,66165.95,59.95,502.46,502.46,"BTC has stalled at breakeven since entry while ETH runs +3.44%, so I free the capital rather than sit in a flat position."
2026-07-23T00:40:00Z,buy,ETH-USD,approved,ok,0.033575,1935.95,65.00,437.46,502.46,"ETH is the strongest tradable name at +3.44% and leading BTC on the day, so I take a ~13% momentum stake in the crypto leader."
2026-07-23T00:50:00Z,buy,ETH-USD,approved,ok,0.025840,1935.00,50.00,387.46,502.43,"ETH is the strongest tradable name at +3.39% and holding above my entry, so I add a second tranche to press the leader while BTC lags at +2.19%."
2026-07-23T01:00:00Z,sell,ETH-USD,approved,ok,-0.059415,1931.40,114.75,502.21,502.21,"ETH has faded from +3.44% to +3.20% and my full-size position sits red at -0.21% after three straight add-ins, so I cut the loser fast and go to cash."
2026-07-23T01:00:00Z,buy,BTC-USD,approved,ok,0.000909,66033.59,60.00,442.21,502.21,"BTC at +2.08% is the only other tradable crypto and is holding its intraday trend while ETH rolls over, so I take a small ~12% starter stake for the momentum rotation."
2026-07-23T01:10:00Z,sell,BTC-USD,approved,ok,-0.000909,65995.44,59.97,502.18,502.18,"BTC has drifted red since entry an hour ago and its +2.02% trend is decelerating while ETH extends to +3.16%, so I cut the laggard."
2026-07-23T01:10:00Z,buy,ETH-USD,approved,ok,0.033668,1930.62,65.00,437.18,502.18,"ETH is the strongest tradable name at +3.16% and making new session highs versus BTC's stall, so I redeploy ~13% of equity into the leader."
2026-07-23T01:20:00Z,sell,ETH-USD,approved,ok,-0.033668,1928.17,64.92,502.09,502.09,"ETH has stalled at +3.03% after fading from +3.44% and my third consecutive entry is again underwater, so I cut it and stand aside rather than keep churning a decelerating trend."
2026-07-23T01:20:00Z,buy,BTC-USD,approved,ok,0.000911,65885.33,60.00,442.09,502.09,"BTC at +1.85% is the only tradable name still building on its intraday trend while ETH stalls, so I rotate a small 12% starter into the stronger relative momentum."
2026-07-23T01:30:00Z,sell,BTC-USD,approved,ok,-0.000911,65898.56,60.01,502.11,502.11,BTC has decelerated to +1.87% from +2.08% and my position is flat at +0.02% — take the scratch and rotate.
2026-07-23T01:30:00Z,buy,ETH-USD,approved,ok,0.031035,1933.32,60.00,442.11,502.11,"ETH at +3.30% is the strongest tradable name and has firmed since my last exit at +3.03%, so I'm rotating into the relative-strength leader."
2026-07-23T01:40:00Z,sell,ETH-USD,approved,ok,-0.031035,1926.73,59.80,501.90,501.90,ETH has faded from +3.30% at my entry to +2.95% and the position is red — cut it and stop churning the same stalling name.
2026-07-23T01:40:00Z,buy,BTC-USD,approved,ok,0.000913,65737.20,60.00,441.90,501.90,"BTC at +1.62% is the only crypto still holding a constructive intraday base while ETH decelerates, so rotate a small 12% starter there."
2026-07-23T01:50:00Z,sell,BTC-USD,approved,ok,-0.000913,65793.78,60.05,501.95,501.95,BTC has flattened to +1.70% from +1.85% earlier and my position is only +0.09% — take the scratch profit rather than sit in a decelerating trend.
2026-07-23T01:50:00Z,buy,ETH-USD,approved,ok,0.033709,1928.29,65.00,436.95,501.95,"ETH at +3.03% is the strongest tradable name and is outperforming BTC nearly 2:1 today, so rotate into the leader with a ~13% equity entry."
2026-07-23T02:00:00Z,sell,ETH-USD,approved,ok,-0.033709,1927.44,64.97,501.93,501.93,ETH has faded to +2.99% from +3.03% at entry and the position is red at -0.04% — cut it fast per the scalping rule.
2026-07-23T02:00:00Z,buy,BTC-USD,approved,ok,0.000912,65799.01,60.00,441.93,501.93,"BTC at +1.71% is firming into the close of the crypto session while ETH stalls, so rotate a small 12% starter into the stronger relative-momentum name."
2026-07-23T02:10:00Z,sell,BTC-USD,approved,ok,-0.000912,65785.72,59.99,501.91,501.91,BTC entry at 65799 is red and momentum has flattened at +1.69% while ETH accelerates to +2.93% — cut and rotate.
2026-07-23T02:10:00Z,buy,ETH-USD,approved,ok,0.036338,1926.36,70.00,431.91,501.91,"ETH is the strongest tradable name at +2.93% and expanding, nearly 2x BTC's move — take a ~14% equity momentum entry."
2026-07-23T02:20:00Z,sell,ETH-USD,approved,ok,-0.036338,1925.59,69.97,501.89,501.89,"ETH has faded from +2.93% at entry to +2.89% and the position is red, so cut it fast per the rules."
2026-07-23T02:20:00Z,buy,BTC-USD,approved,ok,0.000913,65722.51,60.00,441.89,501.89,"BTC at +1.59% is the only other tradable name and is holding its intraday gain while ETH decays, so rotate a small 12% slice into it."
2026-07-23T02:30:01Z,sell,BTC-USD,approved,ok,-0.000913,65705.50,59.98,501.87,501.87,"BTC entry at 65722 is red and its +1.57% is fading while ETH accelerates to +2.78%, nearly 2x the move — rotate out of the laggard."
2026-07-23T02:30:01Z,buy,ETH-USD,approved,ok,0.031192,1923.56,60.00,441.87,501.87,"ETH is the strongest tradable name at +2.78% and expanding, so take a ~12% equity position in the leader."
2026-07-23T02:40:00Z,sell,ETH-USD,approved,ok,-0.031192,1924.66,60.03,501.90,501.90,"ETH is only +0.06% on entry and its intraday momentum has decayed from +2.78% at entry to +2.84% flat while BTC is accelerating, so take the tiny gain and rotate."
2026-07-23T02:40:00Z,buy,BTC-USD,approved,ok,0.000913,65736.60,60.00,441.90,501.90,"BTC at +1.62% is firming off its earlier +1.57% while ETH stalls, so take a ~12% equity position in the name that is currently expanding."
2026-07-23T02:50:01Z,sell,BTC-USD,approved,ok,-0.000913,65753.62,60.02,501.92,501.92,"BTC is only +0.03% on entry and its +1.64% intraday move is lagging ETH, which has accelerated from +2.78% to +2.85% — rotate out."
2026-07-23T02:50:01Z,buy,ETH-USD,approved,ok,0.031170,1924.90,60.00,441.92,501.92,"ETH is the strongest tradable name at +2.85% and expanding to new intraday highs, so take a ~12% equity position in the leader."
2026-07-23T03:00:00Z,sell,ETH-USD,approved,ok,-0.031170,1926.34,60.04,501.96,501.96,"ETH is up only 0.07% on entry after three straight flat rotations and its +2.93% intraday move is now stalling near highs, so bank the position rather than pay another round of churn."
2026-07-23T03:00:00Z,buy,BTC-USD,approved,ok,0.000943,65781.63,62.00,439.96,501.96,"BTC at +1.69% is quietly grinding higher off its +1.57%/+1.62%/+1.64% prints while ETH's advance flattens, so rotate ~12% of equity into the name that's still expanding."
2026-07-23T03:10:01Z,sell,BTC-USD,approved,ok,-0.000943,65697.06,61.92,501.88,501.88,"BTC is red on entry at -0.13% after three straight flat rotations and its +1.56% intraday print has faded from +1.69%, so cut it fast."
2026-07-23T03:10:01Z,buy,ETH-USD,approved,ok,0.031189,1923.78,60.00,441.88,501.88,"ETH at +2.79% is the strongest tradable name by a wide margin and is holding its intraday leadership over BTC, so rotate ~12% of equity into the leader."
2026-07-23T03:20:00Z,sell,ETH-USD,approved,ok,-0.031189,1920.97,59.91,501.80,501.80,"ETH is red on entry at -0.15% and has stalled at the same $1920-1926 level across four rotations, so I cut it rather than pay another flat cycle."
2026-07-23T03:20:00Z,buy,BTC-USD,approved,ok,0.000915,65591.19,60.00,441.80,501.80,"BTC at +1.39% is the only other tradable name and is holding above its earlier $65,697 print, so I rotate into it for the momentum leg while ETH chops."
2026-07-23T03:30:01Z,sell,BTC-USD,approved,ok,-0.000915,65604.37,60.01,501.81,501.81,"BTC is flat at +0.02% on entry and has gone nowhere across three rotations in the $65.5-65.8k band, so I'm rotating out of the dead money."
2026-07-23T03:30:01Z,buy,ETH-USD,approved,ok,0.031223,1921.65,60.00,441.81,501.81,"ETH at +2.68% is nearly double BTC's daily gain and is the clear momentum leader among the only two tradable names, so I'm putting the capital where the trend actually is."
2026-07-23T03:40:00Z,sell,ETH-USD,approved,ok,-0.031223,1923.37,60.05,501.86,501.86,"ETH is only +0.09% on entry and has chopped in the same $1920-1926 band for four straight rotations, so I take the tiny gain rather than pay another cycle of dead range."
2026-07-23T03:40:00Z,buy,BTC-USD,approved,ok,0.000914,65664.82,60.00,441.86,501.86,"BTC at +1.51% is firming back toward the day's high while ETH stalls, so I rotate a ~12% equity clip into the crypto name that is actually still trending."
2026-07-23T03:50:00Z,sell,BTC-USD,approved,ok,-0.000914,65615.04,59.95,501.82,501.82,"BTC is red on entry at -0.08% and has round-tripped through four straight rotations in a $65.5-65.7k band, so I cut it and stop paying spread on chop."
2026-07-23T03:50:00Z,buy,ETH-USD,approved,ok,0.031280,1918.14,60.00,441.82,501.82,"ETH at +2.49% is running nearly double BTC's daily gain and is the stronger of the only two tradable names, so I take a ~12% equity position in the momentum leader."
2026-07-23T04:00:00Z,sell,ETH-USD,approved,ok,-0.031280,1919.53,60.04,501.86,501.86,"ETH is only +0.07% on entry after another flat rotation in the same $1918-1926 chop band, so I take the small gain and rotate."
2026-07-23T04:00:00Z,buy,BTC-USD,approved,ok,0.000914,65624.51,60.00,441.86,501.86,"BTC at +1.44% is holding its intraday uptrend while ETH stalls, so I put ~12% of equity into the crypto that is still trending with market equities closed."
2026-07-23T04:10:00Z,sell,BTC-USD,approved,ok,-0.000914,65584.83,59.96,501.82,501.82,"BTC is red on entry again at -0.06% after another flat rotation, so I cut the stalled position rather than let a fifth round-trip bleed fees."
2026-07-23T04:10:00Z,buy,ETH-USD,approved,ok,0.031271,1918.70,60.00,441.82,501.82,"ETH at +2.52% is nearly double BTC's +1.38% and is pushing the upper end of its range, so I rotate ~12% of equity into the stronger crypto leg."
2026-07-23T04:20:00Z,sell,ETH-USD,approved,ok,-0.031271,1920.20,60.05,501.87,501.87,"ETH is only +0.08% on entry after yet another flat rotation inside the same $1918-1926 band, so I take the scratch and free the capital."
2026-07-23T04:20:00Z,buy,BTC-USD,approved,ok,0.000915,65600.00,60.00,441.87,501.87,"BTC at +1.41% is the only crypto still holding a clean intraday uptrend with equities closed, so I rotate ~12% of equity into it for the next leg."
2026-07-23T04:30:00Z,sell,BTC-USD,approved,ok,-0.000915,65656.42,60.05,501.92,501.92,"BTC is only +0.09% on entry and stuck in the same $65.6k chop that has produced four flat round-trips, so I take the small gain and rotate."
2026-07-23T04:30:00Z,buy,ETH-USD,approved,ok,0.032221,1924.20,62.00,439.92,501.92,"ETH at +2.82% is nearly double BTC's +1.49% and is breaking above the $1918-1926 range that capped it all session, so I put ~12% of equity into the stronger leg."
2026-07-23T04:40:00Z,sell,ETH-USD,approved,ok,-0.032221,1921.70,61.92,501.84,501.84,"ETH is red on entry at -0.13% after fading from the $1926 breakout back into the range, so I cut it rather than hold a failed breakout."
2026-07-23T04:40:00Z,buy,BTC-USD,approved,ok,0.000915,65599.92,60.00,441.84,501.84,"BTC at +1.41% is holding its intraday uptrend near $65.6k while ETH rolls over, so I rotate into the stronger relative-strength name with a small 12% position."
2026-07-23T04:50:00Z,sell,BTC-USD,approved,ok,-0.000915,65596.31,60.00,501.84,501.84,"BTC is flat at -0.01% on entry and stuck in the same $65.6k chop, so I'm rotating the capital into ETH which is the stronger crypto today."
2026-07-23T04:50:00Z,buy,ETH-USD,approved,ok,0.033846,1920.49,65.00,436.84,501.84,"ETH at +2.62% is nearly double BTC's +1.40% and remains the leading intraday momentum name, so I'm re-entering with a ~13% equity clip near $1920."
2026-07-23T05:00:01Z,sell,ETH-USD,approved,ok,-0.033846,1918.76,64.94,501.78,501.78,"ETH is red on entry at -0.09% and has stalled below the $1926 level that already rejected once, so I'm cutting the flat position rather than paying more chop."
2026-07-23T05:00:01Z,buy,BTC-USD,approved,ok,0.000991,65576.16,65.00,436.78,501.78,"BTC at +1.37% is holding a steady uptrend near $65.6k without ETH's failed-breakout fade, so I'm rotating ~13% of equity into the cleaner intraday trend."
2026-07-23T05:10:00Z,sell,BTC-USD,approved,ok,-0.000991,65593.92,65.02,501.80,501.80,"BTC is flat at +0.03% on entry and going nowhere in the $65.6k chop while ETH runs +2.58%, so I'm freeing the capital."
2026-07-23T05:10:00Z,buy,ETH-USD,approved,ok,0.033856,1919.88,65.00,436.80,501.80,ETH at +2.58% is nearly double BTC's +1.40% and is the clear intraday momentum leader among the only two tradable names.
2026-07-23T05:20:00Z,sell,ETH-USD,approved,ok,-0.033856,1919.63,64.99,501.79,501.79,"ETH is flat at -0.01% on entry and has stalled below $1926 for three cycles, so I'm freeing capital rather than paying chop."
2026-07-23T05:20:00Z,buy,BTC-USD,approved,ok,0.000991,65620.48,65.00,436.79,501.79,"BTC at +1.44% is firming into the upper end of its $65.6k range while ETH stalls, so I'm taking a small ~13% equity position on the relative strength shift."
2026-07-23T05:30:00Z,sell,BTC-USD,approved,ok,-0.000991,65689.21,65.07,501.86,501.86,"BTC is up only +0.10% since entry and grinding sideways in the $65.6-65.7k chop while ETH runs +2.84%, nearly double BTC's +1.54%, so I'm rotating out of the laggard."
2026-07-23T05:30:00Z,buy,ETH-USD,approved,ok,0.033771,1924.75,65.00,436.86,501.86,"ETH at +2.84% is the clear intraday momentum leader and has finally cleared the $1926 resistance that capped it for three cycles, so I'm taking a ~13% equity position on the breakout."
2026-07-23T05:40:01Z,sell,ETH-USD,approved,ok,-0.033771,1924.02,64.98,501.83,501.83,"ETH is flat at -0.04% since entry and has stalled at $1924 for two cycles while BTC firms to +1.53%, so I cut the dead position and rotate."
2026-07-23T05:40:01Z,buy,BTC-USD,approved,ok,0.000990,65682.19,65.00,436.83,501.83,"BTC at +1.53% is making the day's high push through $65.68k with fresh relative strength as ETH stalls, so I take a 13% equity momentum entry."
2026-07-23T05:50:00Z,sell,BTC-USD,approved,ok,-0.000990,65689.01,65.01,501.84,501.84,"BTC is flat at +0.01% since entry and has chopped in the same $65.6-65.7k band for four cycles, so I'm recycling the capital into the stronger mover."
2026-07-23T05:50:00Z,buy,ETH-USD,approved,ok,0.033809,1922.54,65.00,436.84,501.84,"ETH at +2.73% is nearly double BTC's daily gain and is pressing back toward $1930 highs, making it the better momentum vehicle for the next leg."
